/*
---- cmmn_cd_clsf_table ----
insert into [DBSCHEMA].cmmn_cd_clsf_table (cmmn_cd_clsf_id, cmmn_cd_clsf_nm, cmmn_cd_clsf_expln, cmmn_cd_clsf_user_dfn_vl1, use_yn, mdfcn_dt, mdfr_id, reg_dt, rgtr_id) values('SOLTECH_0000', '부서구분코드', '부서 구분 코드', 'dept', 'Y', '2025-01-01 00:00:00', '[AUDIT_USER]', '2025-01-01 00:00:00', '[AUDIT_USER]');
insert into [DBSCHEMA].cmmn_cd_clsf_table (cmmn_cd_clsf_id, cmmn_cd_clsf_nm, cmmn_cd_clsf_expln, cmmn_cd_clsf_user_dfn_vl1, use_yn, mdfcn_dt, mdfr_id, reg_dt, rgtr_id) values('SOLTECH_0001', '직급구분코드', '직급 구분 코드', 'jbgd', 'Y', '2025-01-01 00:00:00', '[AUDIT_USER]', '2025-01-01 00:00:00', '[AUDIT_USER]');
insert into [DBSCHEMA].cmmn_cd_clsf_table (cmmn_cd_clsf_id, cmmn_cd_clsf_nm, cmmn_cd_clsf_expln, cmmn_cd_clsf_user_dfn_vl1, use_yn, mdfcn_dt, mdfr_id, reg_dt, rgtr_id) values('SOLTECH_0002', '권한구분코드', '권한 구분 코드', 'authrt', 'Y', '2025-01-01 00:00:00', '[AUDIT_USER]', '2025-01-01 00:00:00', '[AUDIT_USER]');
insert into [DBSCHEMA].cmmn_cd_clsf_table (cmmn_cd_clsf_id, cmmn_cd_clsf_nm, cmmn_cd_clsf_expln, cmmn_cd_clsf_user_dfn_vl1, use_yn, mdfcn_dt, mdfr_id, reg_dt, rgtr_id) values('SOLTECH_1000', '문서구분코드', '문서 구분 코드(사용자정의값1:근태구분코드 맵핑[,기준으로 여러 항목 나열])', 'doc', 'Y', '2025-01-01 00:00:00', '[AUDIT_USER]', '2025-01-01 00:00:00', '[AUDIT_USER]');
insert into [DBSCHEMA].cmmn_cd_clsf_table (cmmn_cd_clsf_id, cmmn_cd_clsf_nm, cmmn_cd_clsf_expln, cmmn_cd_clsf_user_dfn_vl1, use_yn, mdfcn_dt, mdfr_id, reg_dt, rgtr_id) values('SOLTECH_1001', '결재상태구분코드', '결재 상태 구분 코드', 'atrz_stts', 'Y', '2025-01-01 00:00:00', '[AUDIT_USER]', '2025-01-01 00:00:00', '[AUDIT_USER]');
insert into [DBSCHEMA].cmmn_cd_clsf_table (cmmn_cd_clsf_id, cmmn_cd_clsf_nm, cmmn_cd_clsf_expln, cmmn_cd_clsf_user_dfn_vl1, use_yn, mdfcn_dt, mdfr_id, reg_dt, rgtr_id) values('SOLTECH_1010', '근태구분코드', '근태 구분 코드(사용자정의값1:캡스시스템의 근태코드[1:출근, 2:퇴근],사용자정의값2:맵핑 코드[휴가구분코드,일정구분코드])', 'atdc', 'Y', '2025-01-01 00:00:00', '[AUDIT_USER]', '2025-01-01 00:00:00', '[AUDIT_USER]');
insert into [DBSCHEMA].cmmn_cd_clsf_table (cmmn_cd_clsf_id, cmmn_cd_clsf_nm, cmmn_cd_clsf_expln, cmmn_cd_clsf_user_dfn_vl1, use_yn, mdfcn_dt, mdfr_id, reg_dt, rgtr_id) values('SOLTECH_1020', '휴가구분코드', '휴가 구분 코드(사용자정의값1:휴가계산여부[0:계산X, 1:계산O])', 'vctn', 'Y', '2025-01-01 00:00:00', '[AUDIT_USER]', '2025-01-01 00:00:00', '[AUDIT_USER]');
insert into [DBSCHEMA].cmmn_cd_clsf_table (cmmn_cd_clsf_id, cmmn_cd_clsf_nm, cmmn_cd_clsf_expln, cmmn_cd_clsf_user_dfn_vl1, use_yn, mdfcn_dt, mdfr_id, reg_dt, rgtr_id) values('SOLTECH_1030', '일정구분코드', '일정 구분 코드', 'schdl', 'Y', '2025-01-01 00:00:00', '[AUDIT_USER]', '2025-01-01 00:00:00', '[AUDIT_USER]');
insert into [DBSCHEMA].cmmn_cd_clsf_table (cmmn_cd_clsf_id, cmmn_cd_clsf_nm, cmmn_cd_clsf_expln, cmmn_cd_clsf_user_dfn_vl1, use_yn, mdfcn_dt, mdfr_id, reg_dt, rgtr_id) values('SOLTECH_9000', '도메인별파일업로드확장자허용', '도메인별 파일 업로드 확장자 허용(도메인분류에 따라 사용자정의값들을 합쳐서 '',''기준으로 허용', 'extn', 'Y', '2025-01-01 00:00:00', '[AUDIT_USER]', '2025-01-01 00:00:00', '[AUDIT_USER]');

---- cmmn_cd_table ----
-- SOLTECH_0000 (부서구분코드) --
insert into [DBSCHEMA].cmmn_cd_table (cmmn_cd_clsf_id, cmmn_cd_id, cmmn_cd_nm, cmmn_cd_expln, cmmn_cd_up_clsf_id, cmmn_cd_up_id, cmmn_cd_sort_no, cmmn_cd_user_dfn_vl1, cmmn_cd_user_dfn_vl2, cmmn_cd_user_dfn_vl3, use_yn, mdfcn_dt, mdfr_id, reg_dt, rgtr_id) values('SOLTECH_0000', '000000', '솔텍시스템', '솔텍시스템', '', '', 0, '', '', '', 'Y', '2025-01-01 00:00:00', '[AUDIT_USER]', '2025-01-01 00:00:00', '[AUDIT_USER]');
insert into [DBSCHEMA].cmmn_cd_table (cmmn_cd_clsf_id, cmmn_cd_id, cmmn_cd_nm, cmmn_cd_expln, cmmn_cd_up_clsf_id, cmmn_cd_up_id, cmmn_cd_sort_no, cmmn_cd_user_dfn_vl1, cmmn_cd_user_dfn_vl2, cmmn_cd_user_dfn_vl3, use_yn, mdfcn_dt, mdfr_id, reg_dt, rgtr_id) values('SOLTECH_0000', '100000', 'CEO', 'CEO', 'SOLTECH_0000', '000000', 1, '', '', '', 'Y', '2025-01-01 00:00:00', '[AUDIT_USER]', '2025-01-01 00:00:00', '[AUDIT_USER]');
insert into [DBSCHEMA].cmmn_cd_table (cmmn_cd_clsf_id, cmmn_cd_id, cmmn_cd_nm, cmmn_cd_expln, cmmn_cd_up_clsf_id, cmmn_cd_up_id, cmmn_cd_sort_no, cmmn_cd_user_dfn_vl1, cmmn_cd_user_dfn_vl2, cmmn_cd_user_dfn_vl3, use_yn, mdfcn_dt, mdfr_id, reg_dt, rgtr_id) values('SOLTECH_0000', '110000', '신사업부', '신사업부', 'SOLTECH_0000', '100000', 2, '', '', '', 'Y', '2025-01-01 00:00:00', '[AUDIT_USER]', '2025-01-01 00:00:00', '[AUDIT_USER]');
insert into [DBSCHEMA].cmmn_cd_table (cmmn_cd_clsf_id, cmmn_cd_id, cmmn_cd_nm, cmmn_cd_expln, cmmn_cd_up_clsf_id, cmmn_cd_up_id, cmmn_cd_sort_no, cmmn_cd_user_dfn_vl1, cmmn_cd_user_dfn_vl2, cmmn_cd_user_dfn_vl3, use_yn, mdfcn_dt, mdfr_id, reg_dt, rgtr_id) values('SOLTECH_0000', '120000', '시스템연구소', '시스템연구소', 'SOLTECH_0000', '100000', 3, '', '', '', 'Y', '2025-01-01 00:00:00', '[AUDIT_USER]', '2025-01-01 00:00:00', '[AUDIT_USER]');
insert into [DBSCHEMA].cmmn_cd_table (cmmn_cd_clsf_id, cmmn_cd_id, cmmn_cd_nm, cmmn_cd_expln, cmmn_cd_up_clsf_id, cmmn_cd_up_id, cmmn_cd_sort_no, cmmn_cd_user_dfn_vl1, cmmn_cd_user_dfn_vl2, cmmn_cd_user_dfn_vl3, use_yn, mdfcn_dt, mdfr_id, reg_dt, rgtr_id) values('SOLTECH_0000', '130000', '경영지원부', '경영지원부', 'SOLTECH_0000', '100000', 4, '', '', '', 'Y', '2025-01-01 00:00:00', '[AUDIT_USER]', '2025-01-01 00:00:00', '[AUDIT_USER]');
insert into [DBSCHEMA].cmmn_cd_table (cmmn_cd_clsf_id, cmmn_cd_id, cmmn_cd_nm, cmmn_cd_expln, cmmn_cd_up_clsf_id, cmmn_cd_up_id, cmmn_cd_sort_no, cmmn_cd_user_dfn_vl1, cmmn_cd_user_dfn_vl2, cmmn_cd_user_dfn_vl3, use_yn, mdfcn_dt, mdfr_id, reg_dt, rgtr_id) values('SOLTECH_0000', '200000', 'MP사업본부', 'MP사업본부', 'SOLTECH_0000', '000000', 5, '', '', '', 'Y', '2025-01-01 00:00:00', '[AUDIT_USER]', '2025-01-01 00:00:00', '[AUDIT_USER]');
insert into [DBSCHEMA].cmmn_cd_table (cmmn_cd_clsf_id, cmmn_cd_id, cmmn_cd_nm, cmmn_cd_expln, cmmn_cd_up_clsf_id, cmmn_cd_up_id, cmmn_cd_sort_no, cmmn_cd_user_dfn_vl1, cmmn_cd_user_dfn_vl2, cmmn_cd_user_dfn_vl3, use_yn, mdfcn_dt, mdfr_id, reg_dt, rgtr_id) values('SOLTECH_0000', '210000', '소프트웨어사업부', '소프트웨어사업부', 'SOLTECH_0000', '200000', 6, '', '', '', 'Y', '2025-01-01 00:00:00', '[AUDIT_USER]', '2025-01-01 00:00:00', '[AUDIT_USER]');
insert into [DBSCHEMA].cmmn_cd_table (cmmn_cd_clsf_id, cmmn_cd_id, cmmn_cd_nm, cmmn_cd_expln, cmmn_cd_up_clsf_id, cmmn_cd_up_id, cmmn_cd_sort_no, cmmn_cd_user_dfn_vl1, cmmn_cd_user_dfn_vl2, cmmn_cd_user_dfn_vl3, use_yn, mdfcn_dt, mdfr_id, reg_dt, rgtr_id) values('SOLTECH_0000', '210100', 'Support파트', 'Support파트', 'SOLTECH_0000', '210000', 7, '', '', '', 'Y', '2025-01-01 00:00:00', '[AUDIT_USER]', '2025-01-01 00:00:00', '[AUDIT_USER]');
insert into [DBSCHEMA].cmmn_cd_table (cmmn_cd_clsf_id, cmmn_cd_id, cmmn_cd_nm, cmmn_cd_expln, cmmn_cd_up_clsf_id, cmmn_cd_up_id, cmmn_cd_sort_no, cmmn_cd_user_dfn_vl1, cmmn_cd_user_dfn_vl2, cmmn_cd_user_dfn_vl3, use_yn, mdfcn_dt, mdfr_id, reg_dt, rgtr_id) values('SOLTECH_0000', '210200', 'Project파트', 'Project파트', 'SOLTECH_0000', '210000', 8, '', '', '', 'Y', '2025-01-01 00:00:00', '[AUDIT_USER]', '2025-01-01 00:00:00', '[AUDIT_USER]');
insert into [DBSCHEMA].cmmn_cd_table (cmmn_cd_clsf_id, cmmn_cd_id, cmmn_cd_nm, cmmn_cd_expln, cmmn_cd_up_clsf_id, cmmn_cd_up_id, cmmn_cd_sort_no, cmmn_cd_user_dfn_vl1, cmmn_cd_user_dfn_vl2, cmmn_cd_user_dfn_vl3, use_yn, mdfcn_dt, mdfr_id, reg_dt, rgtr_id) values('SOLTECH_0000', '220000', '유지관리사업부', '유지관리사업부', 'SOLTECH_0000', '200000', 9, '', '', '', 'Y', '2025-01-01 00:00:00', '[AUDIT_USER]', '2025-01-01 00:00:00', '[AUDIT_USER]');
insert into [DBSCHEMA].cmmn_cd_table (cmmn_cd_clsf_id, cmmn_cd_id, cmmn_cd_nm, cmmn_cd_expln, cmmn_cd_up_clsf_id, cmmn_cd_up_id, cmmn_cd_sort_no, cmmn_cd_user_dfn_vl1, cmmn_cd_user_dfn_vl2, cmmn_cd_user_dfn_vl3, use_yn, mdfcn_dt, mdfr_id, reg_dt, rgtr_id) values('SOLTECH_0000', '220100', '파워파트', '파워파트', 'SOLTECH_0000', '220000', 10, '', '', '', 'Y', '2025-01-01 00:00:00', '[AUDIT_USER]', '2025-01-01 00:00:00', '[AUDIT_USER]');
insert into [DBSCHEMA].cmmn_cd_table (cmmn_cd_clsf_id, cmmn_cd_id, cmmn_cd_nm, cmmn_cd_expln, cmmn_cd_up_clsf_id, cmmn_cd_up_id, cmmn_cd_sort_no, cmmn_cd_user_dfn_vl1, cmmn_cd_user_dfn_vl2, cmmn_cd_user_dfn_vl3, use_yn, mdfcn_dt, mdfr_id, reg_dt, rgtr_id) values('SOLTECH_0000', '220200', '수자원파트', '수자원파트', 'SOLTECH_0000', '220000', 11, '', '', '', 'Y', '2025-01-01 00:00:00', '[AUDIT_USER]', '2025-01-01 00:00:00', '[AUDIT_USER]');
insert into [DBSCHEMA].cmmn_cd_table (cmmn_cd_clsf_id, cmmn_cd_id, cmmn_cd_nm, cmmn_cd_expln, cmmn_cd_up_clsf_id, cmmn_cd_up_id, cmmn_cd_sort_no, cmmn_cd_user_dfn_vl1, cmmn_cd_user_dfn_vl2, cmmn_cd_user_dfn_vl3, use_yn, mdfcn_dt, mdfr_id, reg_dt, rgtr_id) values('SOLTECH_0000', '230000', '자동제어사업부', '자동제어사업부', 'SOLTECH_0000', '200000', 12, '', '', '', 'Y', '2025-01-01 00:00:00', '[AUDIT_USER]', '2025-01-01 00:00:00', '[AUDIT_USER]');
insert into [DBSCHEMA].cmmn_cd_table (cmmn_cd_clsf_id, cmmn_cd_id, cmmn_cd_nm, cmmn_cd_expln, cmmn_cd_up_clsf_id, cmmn_cd_up_id, cmmn_cd_sort_no, cmmn_cd_user_dfn_vl1, cmmn_cd_user_dfn_vl2, cmmn_cd_user_dfn_vl3, use_yn, mdfcn_dt, mdfr_id, reg_dt, rgtr_id) values('SOLTECH_0000', '230100', 'DCS파트', 'DCS파트', 'SOLTECH_0000', '230000', 13, '', '', '', 'Y', '2025-01-01 00:00:00', '[AUDIT_USER]', '2025-01-01 00:00:00', '[AUDIT_USER]');
insert into [DBSCHEMA].cmmn_cd_table (cmmn_cd_clsf_id, cmmn_cd_id, cmmn_cd_nm, cmmn_cd_expln, cmmn_cd_up_clsf_id, cmmn_cd_up_id, cmmn_cd_sort_no, cmmn_cd_user_dfn_vl1, cmmn_cd_user_dfn_vl2, cmmn_cd_user_dfn_vl3, use_yn, mdfcn_dt, mdfr_id, reg_dt, rgtr_id) values('SOLTECH_0000', '230200', 'PLC파트', 'PLC파트', 'SOLTECH_0000', '230000', 14, '', '', '', 'Y', '2025-01-01 00:00:00', '[AUDIT_USER]', '2025-01-01 00:00:00', '[AUDIT_USER]');
insert into [DBSCHEMA].cmmn_cd_table (cmmn_cd_clsf_id, cmmn_cd_id, cmmn_cd_nm, cmmn_cd_expln, cmmn_cd_up_clsf_id, cmmn_cd_up_id, cmmn_cd_sort_no, cmmn_cd_user_dfn_vl1, cmmn_cd_user_dfn_vl2, cmmn_cd_user_dfn_vl3, use_yn, mdfcn_dt, mdfr_id, reg_dt, rgtr_id) values('SOLTECH_0000', '230300', 'Solution파트', 'Solution파트', 'SOLTECH_0000', '230000', 15, '', '', '', 'Y', '2025-01-01 00:00:00', '[AUDIT_USER]', '2025-01-01 00:00:00', '[AUDIT_USER]');
insert into [DBSCHEMA].cmmn_cd_table (cmmn_cd_clsf_id, cmmn_cd_id, cmmn_cd_nm, cmmn_cd_expln, cmmn_cd_up_clsf_id, cmmn_cd_up_id, cmmn_cd_sort_no, cmmn_cd_user_dfn_vl1, cmmn_cd_user_dfn_vl2, cmmn_cd_user_dfn_vl3, use_yn, mdfcn_dt, mdfr_id, reg_dt, rgtr_id) values('SOLTECH_0000', '300000', 'HR관리본부', 'HR관리본부', 'SOLTECH_0000', '000000', 16, '', '', '', 'Y', '2025-01-01 00:00:00', '[AUDIT_USER]', '2025-01-01 00:00:00', '[AUDIT_USER]');
insert into [DBSCHEMA].cmmn_cd_table (cmmn_cd_clsf_id, cmmn_cd_id, cmmn_cd_nm, cmmn_cd_expln, cmmn_cd_up_clsf_id, cmmn_cd_up_id, cmmn_cd_sort_no, cmmn_cd_user_dfn_vl1, cmmn_cd_user_dfn_vl2, cmmn_cd_user_dfn_vl3, use_yn, mdfcn_dt, mdfr_id, reg_dt, rgtr_id) values('SOLTECH_0000', '400000', '컨설팅그룹', '컨설팅그룹', 'SOLTECH_0000', '000000', 17, '', '', '', 'Y', '2025-01-01 00:00:00', '[AUDIT_USER]', '2025-01-01 00:00:00', '[AUDIT_USER]');

-- SOLTECH_0001 (직급구분코드) --
insert into [DBSCHEMA].cmmn_cd_table (cmmn_cd_clsf_id, cmmn_cd_id, cmmn_cd_nm, cmmn_cd_expln, cmmn_cd_up_clsf_id, cmmn_cd_up_id, cmmn_cd_sort_no, cmmn_cd_user_dfn_vl1, cmmn_cd_user_dfn_vl2, cmmn_cd_user_dfn_vl3, use_yn, mdfcn_dt, mdfr_id, reg_dt, rgtr_id) values('SOLTECH_0001', '00010', '대표이사', '대표이사', '', '', 0, '', '', '', 'Y', '2025-01-01 00:00:00', '[AUDIT_USER]', '2025-01-01 00:00:00', '[AUDIT_USER]');
insert into [DBSCHEMA].cmmn_cd_table (cmmn_cd_clsf_id, cmmn_cd_id, cmmn_cd_nm, cmmn_cd_expln, cmmn_cd_up_clsf_id, cmmn_cd_up_id, cmmn_cd_sort_no, cmmn_cd_user_dfn_vl1, cmmn_cd_user_dfn_vl2, cmmn_cd_user_dfn_vl3, use_yn, mdfcn_dt, mdfr_id, reg_dt, rgtr_id) values('SOLTECH_0001', '00020', '부사장', '부사장', '', '', 1, '', '', '', 'Y', '2025-01-01 00:00:00', '[AUDIT_USER]', '2025-01-01 00:00:00', '[AUDIT_USER]');
insert into [DBSCHEMA].cmmn_cd_table (cmmn_cd_clsf_id, cmmn_cd_id, cmmn_cd_nm, cmmn_cd_expln, cmmn_cd_up_clsf_id, cmmn_cd_up_id, cmmn_cd_sort_no, cmmn_cd_user_dfn_vl1, cmmn_cd_user_dfn_vl2, cmmn_cd_user_dfn_vl3, use_yn, mdfcn_dt, mdfr_id, reg_dt, rgtr_id) values('SOLTECH_0001', '00030', '전무이사', '전무이사', '', '', 2, '', '', '', 'Y', '2025-01-01 00:00:00', '[AUDIT_USER]', '2025-01-01 00:00:00', '[AUDIT_USER]');
insert into [DBSCHEMA].cmmn_cd_table (cmmn_cd_clsf_id, cmmn_cd_id, cmmn_cd_nm, cmmn_cd_expln, cmmn_cd_up_clsf_id, cmmn_cd_up_id, cmmn_cd_sort_no, cmmn_cd_user_dfn_vl1, cmmn_cd_user_dfn_vl2, cmmn_cd_user_dfn_vl3, use_yn, mdfcn_dt, mdfr_id, reg_dt, rgtr_id) values('SOLTECH_0001', '00040', '상무이사', '상무이사', '', '', 3, '', '', '', 'Y', '2025-01-01 00:00:00', '[AUDIT_USER]', '2025-01-01 00:00:00', '[AUDIT_USER]');
insert into [DBSCHEMA].cmmn_cd_table (cmmn_cd_clsf_id, cmmn_cd_id, cmmn_cd_nm, cmmn_cd_expln, cmmn_cd_up_clsf_id, cmmn_cd_up_id, cmmn_cd_sort_no, cmmn_cd_user_dfn_vl1, cmmn_cd_user_dfn_vl2, cmmn_cd_user_dfn_vl3, use_yn, mdfcn_dt, mdfr_id, reg_dt, rgtr_id) values('SOLTECH_0001', '00050', '이사', '이사', '', '', 4, '', '', '', 'Y', '2025-01-01 00:00:00', '[AUDIT_USER]', '2025-01-01 00:00:00', '[AUDIT_USER]');
insert into [DBSCHEMA].cmmn_cd_table (cmmn_cd_clsf_id, cmmn_cd_id, cmmn_cd_nm, cmmn_cd_expln, cmmn_cd_up_clsf_id, cmmn_cd_up_id, cmmn_cd_sort_no, cmmn_cd_user_dfn_vl1, cmmn_cd_user_dfn_vl2, cmmn_cd_user_dfn_vl3, use_yn, mdfcn_dt, mdfr_id, reg_dt, rgtr_id) values('SOLTECH_0001', '00060', '부장', '부장', '', '', 5, '', '', '', 'Y', '2025-01-01 00:00:00', '[AUDIT_USER]', '2025-01-01 00:00:00', '[AUDIT_USER]');
insert into [DBSCHEMA].cmmn_cd_table (cmmn_cd_clsf_id, cmmn_cd_id, cmmn_cd_nm, cmmn_cd_expln, cmmn_cd_up_clsf_id, cmmn_cd_up_id, cmmn_cd_sort_no, cmmn_cd_user_dfn_vl1, cmmn_cd_user_dfn_vl2, cmmn_cd_user_dfn_vl3, use_yn, mdfcn_dt, mdfr_id, reg_dt, rgtr_id) values('SOLTECH_0001', '00070', '차장', '차장', '', '', 6, '', '', '', 'Y', '2025-01-01 00:00:00', '[AUDIT_USER]', '2025-01-01 00:00:00', '[AUDIT_USER]');
insert into [DBSCHEMA].cmmn_cd_table (cmmn_cd_clsf_id, cmmn_cd_id, cmmn_cd_nm, cmmn_cd_expln, cmmn_cd_up_clsf_id, cmmn_cd_up_id, cmmn_cd_sort_no, cmmn_cd_user_dfn_vl1, cmmn_cd_user_dfn_vl2, cmmn_cd_user_dfn_vl3, use_yn, mdfcn_dt, mdfr_id, reg_dt, rgtr_id) values('SOLTECH_0001', '00080', '과장', '과장', '', '', 7, '', '', '', 'Y', '2025-01-01 00:00:00', '[AUDIT_USER]', '2025-01-01 00:00:00', '[AUDIT_USER]');
insert into [DBSCHEMA].cmmn_cd_table (cmmn_cd_clsf_id, cmmn_cd_id, cmmn_cd_nm, cmmn_cd_expln, cmmn_cd_up_clsf_id, cmmn_cd_up_id, cmmn_cd_sort_no, cmmn_cd_user_dfn_vl1, cmmn_cd_user_dfn_vl2, cmmn_cd_user_dfn_vl3, use_yn, mdfcn_dt, mdfr_id, reg_dt, rgtr_id) values('SOLTECH_0001', '00090', '대리', '대리', '', '', 8, '', '', '', 'Y', '2025-01-01 00:00:00', '[AUDIT_USER]', '2025-01-01 00:00:00', '[AUDIT_USER]');
insert into [DBSCHEMA].cmmn_cd_table (cmmn_cd_clsf_id, cmmn_cd_id, cmmn_cd_nm, cmmn_cd_expln, cmmn_cd_up_clsf_id, cmmn_cd_up_id, cmmn_cd_sort_no, cmmn_cd_user_dfn_vl1, cmmn_cd_user_dfn_vl2, cmmn_cd_user_dfn_vl3, use_yn, mdfcn_dt, mdfr_id, reg_dt, rgtr_id) values('SOLTECH_0001', '000A0', '사원', '사원', '', '', 9, '', '', '', 'Y', '2025-01-01 00:00:00', '[AUDIT_USER]', '2025-01-01 00:00:00', '[AUDIT_USER]');

-- SOLTECH_0002 (권한구분코드) --
insert into [DBSCHEMA].cmmn_cd_table (cmmn_cd_clsf_id, cmmn_cd_id, cmmn_cd_nm, cmmn_cd_expln, cmmn_cd_up_clsf_id, cmmn_cd_up_id, cmmn_cd_sort_no, cmmn_cd_user_dfn_vl1, cmmn_cd_user_dfn_vl2, cmmn_cd_user_dfn_vl3, use_yn, mdfcn_dt, mdfr_id, reg_dt, rgtr_id) values('SOLTECH_0002', '00000', '누구나', '누구나', '', '', 0, '', '', '', 'Y', '2025-01-01 00:00:00', '[AUDIT_USER]', '2025-01-01 00:00:00', '[AUDIT_USER]');
insert into [DBSCHEMA].cmmn_cd_table (cmmn_cd_clsf_id, cmmn_cd_id, cmmn_cd_nm, cmmn_cd_expln, cmmn_cd_up_clsf_id, cmmn_cd_up_id, cmmn_cd_sort_no, cmmn_cd_user_dfn_vl1, cmmn_cd_user_dfn_vl2, cmmn_cd_user_dfn_vl3, use_yn, mdfcn_dt, mdfr_id, reg_dt, rgtr_id) values('SOLTECH_0002', '00010', '관리자', '관리자', '', '', 1, '', '', '', 'Y', '2025-01-01 00:00:00', '[AUDIT_USER]', '2025-01-01 00:00:00', '[AUDIT_USER]');
insert into [DBSCHEMA].cmmn_cd_table (cmmn_cd_clsf_id, cmmn_cd_id, cmmn_cd_nm, cmmn_cd_expln, cmmn_cd_up_clsf_id, cmmn_cd_up_id, cmmn_cd_sort_no, cmmn_cd_user_dfn_vl1, cmmn_cd_user_dfn_vl2, cmmn_cd_user_dfn_vl3, use_yn, mdfcn_dt, mdfr_id, reg_dt, rgtr_id) values('SOLTECH_0002', '00020', '운영자', '운영자', '', '', 2, '', '', '', 'Y', '2025-01-01 00:00:00', '[AUDIT_USER]', '2025-01-01 00:00:00', '[AUDIT_USER]');
insert into [DBSCHEMA].cmmn_cd_table (cmmn_cd_clsf_id, cmmn_cd_id, cmmn_cd_nm, cmmn_cd_expln, cmmn_cd_up_clsf_id, cmmn_cd_up_id, cmmn_cd_sort_no, cmmn_cd_user_dfn_vl1, cmmn_cd_user_dfn_vl2, cmmn_cd_user_dfn_vl3, use_yn, mdfcn_dt, mdfr_id, reg_dt, rgtr_id) values('SOLTECH_0002', '00030', '사용자', '사용자', '', '', 3, '', '', '', 'Y', '2025-01-01 00:00:00', '[AUDIT_USER]', '2025-01-01 00:00:00', '[AUDIT_USER]');

-- SOLTECH_1000 (문서구분코드) --
insert into [DBSCHEMA].cmmn_cd_table (cmmn_cd_clsf_id, cmmn_cd_id, cmmn_cd_nm, cmmn_cd_expln, cmmn_cd_up_clsf_id, cmmn_cd_up_id, cmmn_cd_sort_no, cmmn_cd_user_dfn_vl1, cmmn_cd_user_dfn_vl2, cmmn_cd_user_dfn_vl3, use_yn, mdfcn_dt, mdfr_id, reg_dt, rgtr_id) values('SOLTECH_1000', '00010', '기안서', '기안서', '', '', 0, '', '', '', 'Y', '2025-01-01 00:00:00', '[AUDIT_USER]', '2025-01-01 00:00:00', '[AUDIT_USER]');
insert into [DBSCHEMA].cmmn_cd_table (cmmn_cd_clsf_id, cmmn_cd_id, cmmn_cd_nm, cmmn_cd_expln, cmmn_cd_up_clsf_id, cmmn_cd_up_id, cmmn_cd_sort_no, cmmn_cd_user_dfn_vl1, cmmn_cd_user_dfn_vl2, cmmn_cd_user_dfn_vl3, use_yn, mdfcn_dt, mdfr_id, reg_dt, rgtr_id) values('SOLTECH_1000', '00020', '품의서(자유양식)', '품의서(자유양식)', '', '', 1, '', '', '', 'Y', '2025-01-01 00:00:00', '[AUDIT_USER]', '2025-01-01 00:00:00', '[AUDIT_USER]');
insert into [DBSCHEMA].cmmn_cd_table (cmmn_cd_clsf_id, cmmn_cd_id, cmmn_cd_nm, cmmn_cd_expln, cmmn_cd_up_clsf_id, cmmn_cd_up_id, cmmn_cd_sort_no, cmmn_cd_user_dfn_vl1, cmmn_cd_user_dfn_vl2, cmmn_cd_user_dfn_vl3, use_yn, mdfcn_dt, mdfr_id, reg_dt, rgtr_id) values('SOLTECH_1000', '00021', '품의서', '품의서', '', '', 2, '', '', '', 'Y', '2025-01-01 00:00:00', '[AUDIT_USER]', '2025-01-01 00:00:00', '[AUDIT_USER]');
insert into [DBSCHEMA].cmmn_cd_table (cmmn_cd_clsf_id, cmmn_cd_id, cmmn_cd_nm, cmmn_cd_expln, cmmn_cd_up_clsf_id, cmmn_cd_up_id, cmmn_cd_sort_no, cmmn_cd_user_dfn_vl1, cmmn_cd_user_dfn_vl2, cmmn_cd_user_dfn_vl3, use_yn, mdfcn_dt, mdfr_id, reg_dt, rgtr_id) values('SOLTECH_1000', '00030', '지출결의서', '지출결의서(VAT미포함)', '', '', 3, '', '', '', 'Y', '2025-01-01 00:00:00', '[AUDIT_USER]', '2025-01-01 00:00:00', '[AUDIT_USER]');
insert into [DBSCHEMA].cmmn_cd_table (cmmn_cd_clsf_id, cmmn_cd_id, cmmn_cd_nm, cmmn_cd_expln, cmmn_cd_up_clsf_id, cmmn_cd_up_id, cmmn_cd_sort_no, cmmn_cd_user_dfn_vl1, cmmn_cd_user_dfn_vl2, cmmn_cd_user_dfn_vl3, use_yn, mdfcn_dt, mdfr_id, reg_dt, rgtr_id) values('SOLTECH_1000', '00031', '지출결의서(VAT)', '지출결의서(VAT포함)', '', '', 4, '', '', '', 'Y', '2025-01-01 00:00:00', '[AUDIT_USER]', '2025-01-01 00:00:00', '[AUDIT_USER]');
insert into [DBSCHEMA].cmmn_cd_table (cmmn_cd_clsf_id, cmmn_cd_id, cmmn_cd_nm, cmmn_cd_expln, cmmn_cd_up_clsf_id, cmmn_cd_up_id, cmmn_cd_sort_no, cmmn_cd_user_dfn_vl1, cmmn_cd_user_dfn_vl2, cmmn_cd_user_dfn_vl3, use_yn, mdfcn_dt, mdfr_id, reg_dt, rgtr_id) values('SOLTECH_1000', '00040', '연차휴가계', '연차 휴가계', '', '', 5, '00041', '', '', 'Y', '2025-01-01 00:00:00', '[AUDIT_USER]', '2025-01-01 00:00:00', '[AUDIT_USER]');
insert into [DBSCHEMA].cmmn_cd_table (cmmn_cd_clsf_id, cmmn_cd_id, cmmn_cd_nm, cmmn_cd_expln, cmmn_cd_up_clsf_id, cmmn_cd_up_id, cmmn_cd_sort_no, cmmn_cd_user_dfn_vl1, cmmn_cd_user_dfn_vl2, cmmn_cd_user_dfn_vl3, use_yn, mdfcn_dt, mdfr_id, reg_dt, rgtr_id) values('SOLTECH_1000', '00041', '교육/훈련계', '교육/훈련계', '', '', 6, '00042,00060', '', '', 'Y', '2025-01-01 00:00:00', '[AUDIT_USER]', '2025-01-01 00:00:00', '[AUDIT_USER]');
insert into [DBSCHEMA].cmmn_cd_table (cmmn_cd_clsf_id, cmmn_cd_id, cmmn_cd_nm, cmmn_cd_expln, cmmn_cd_up_clsf_id, cmmn_cd_up_id, cmmn_cd_sort_no, cmmn_cd_user_dfn_vl1, cmmn_cd_user_dfn_vl2, cmmn_cd_user_dfn_vl3, use_yn, mdfcn_dt, mdfr_id, reg_dt, rgtr_id) values('SOLTECH_1000', '00042', '경조사휴가계', '경조사 휴가계', '', '', 7, '00043', '', '', 'Y', '2025-01-01 00:00:00', '[AUDIT_USER]', '2025-01-01 00:00:00', '[AUDIT_USER]');
insert into [DBSCHEMA].cmmn_cd_table (cmmn_cd_clsf_id, cmmn_cd_id, cmmn_cd_nm, cmmn_cd_expln, cmmn_cd_up_clsf_id, cmmn_cd_up_id, cmmn_cd_sort_no, cmmn_cd_user_dfn_vl1, cmmn_cd_user_dfn_vl2, cmmn_cd_user_dfn_vl3, use_yn, mdfcn_dt, mdfr_id, reg_dt, rgtr_id) values('SOLTECH_1000', '00043', '출산휴가계', '출산 휴가계', '', '', 8, '00044', '', '', 'Y', '2025-01-01 00:00:00', '[AUDIT_USER]', '2025-01-01 00:00:00', '[AUDIT_USER]');
insert into [DBSCHEMA].cmmn_cd_table (cmmn_cd_clsf_id, cmmn_cd_id, cmmn_cd_nm, cmmn_cd_expln, cmmn_cd_up_clsf_id, cmmn_cd_up_id, cmmn_cd_sort_no, cmmn_cd_user_dfn_vl1, cmmn_cd_user_dfn_vl2, cmmn_cd_user_dfn_vl3, use_yn, mdfcn_dt, mdfr_id, reg_dt, rgtr_id) values('SOLTECH_1000', '00044', '병가계', '병가계', '', '', 9, '00045', '', '', 'Y', '2025-01-01 00:00:00', '[AUDIT_USER]', '2025-01-01 00:00:00', '[AUDIT_USER]');
insert into [DBSCHEMA].cmmn_cd_table (cmmn_cd_clsf_id, cmmn_cd_id, cmmn_cd_nm, cmmn_cd_expln, cmmn_cd_up_clsf_id, cmmn_cd_up_id, cmmn_cd_sort_no, cmmn_cd_user_dfn_vl1, cmmn_cd_user_dfn_vl2, cmmn_cd_user_dfn_vl3, use_yn, mdfcn_dt, mdfr_id, reg_dt, rgtr_id) values('SOLTECH_1000', '00045', '반차계', '반차계', '', '', 10, '00051,00052', '', '', 'Y', '2025-01-01 00:00:00', '[AUDIT_USER]', '2025-01-01 00:00:00', '[AUDIT_USER]');
insert into [DBSCHEMA].cmmn_cd_table (cmmn_cd_clsf_id, cmmn_cd_id, cmmn_cd_nm, cmmn_cd_expln, cmmn_cd_up_clsf_id, cmmn_cd_up_id, cmmn_cd_sort_no, cmmn_cd_user_dfn_vl1, cmmn_cd_user_dfn_vl2, cmmn_cd_user_dfn_vl3, use_yn, mdfcn_dt, mdfr_id, reg_dt, rgtr_id) values('SOLTECH_1000', '00050', '출장계', '출장계', '', '', 11, '00020', '', '', 'Y', '2025-01-01 00:00:00', '[AUDIT_USER]', '2025-01-01 00:00:00', '[AUDIT_USER]');
insert into [DBSCHEMA].cmmn_cd_table (cmmn_cd_clsf_id, cmmn_cd_id, cmmn_cd_nm, cmmn_cd_expln, cmmn_cd_up_clsf_id, cmmn_cd_up_id, cmmn_cd_sort_no, cmmn_cd_user_dfn_vl1, cmmn_cd_user_dfn_vl2, cmmn_cd_user_dfn_vl3, use_yn, mdfcn_dt, mdfr_id, reg_dt, rgtr_id) values('SOLTECH_1000', '00051', '외근계', '외근계', '', '', 12, '00030', '', '', 'Y', '2025-01-01 00:00:00', '[AUDIT_USER]', '2025-01-01 00:00:00', '[AUDIT_USER]');

-- SOLTECH_1001 (결재상태구분코드) --
insert into [DBSCHEMA].cmmn_cd_table (cmmn_cd_clsf_id, cmmn_cd_id, cmmn_cd_nm, cmmn_cd_expln, cmmn_cd_up_clsf_id, cmmn_cd_up_id, cmmn_cd_sort_no, cmmn_cd_user_dfn_vl1, cmmn_cd_user_dfn_vl2, cmmn_cd_user_dfn_vl3, use_yn, mdfcn_dt, mdfr_id, reg_dt, rgtr_id) values('SOLTECH_1001', '00000', '진행중', '진행중', '', '', 0, '', '', '', 'Y', '2025-01-01 00:00:00', '[AUDIT_USER]', '2025-01-01 00:00:00', '[AUDIT_USER]');
insert into [DBSCHEMA].cmmn_cd_table (cmmn_cd_clsf_id, cmmn_cd_id, cmmn_cd_nm, cmmn_cd_expln, cmmn_cd_up_clsf_id, cmmn_cd_up_id, cmmn_cd_sort_no, cmmn_cd_user_dfn_vl1, cmmn_cd_user_dfn_vl2, cmmn_cd_user_dfn_vl3, use_yn, mdfcn_dt, mdfr_id, reg_dt, rgtr_id) values('SOLTECH_1001', '00010', '취소', '취소', '', '', 1, '', '', '', 'Y', '2025-01-01 00:00:00', '[AUDIT_USER]', '2025-01-01 00:00:00', '[AUDIT_USER]');
insert into [DBSCHEMA].cmmn_cd_table (cmmn_cd_clsf_id, cmmn_cd_id, cmmn_cd_nm, cmmn_cd_expln, cmmn_cd_up_clsf_id, cmmn_cd_up_id, cmmn_cd_sort_no, cmmn_cd_user_dfn_vl1, cmmn_cd_user_dfn_vl2, cmmn_cd_user_dfn_vl3, use_yn, mdfcn_dt, mdfr_id, reg_dt, rgtr_id) values('SOLTECH_1001', '00020', '결재', '결재', '', '', 2, '', '', '', 'Y', '2025-01-01 00:00:00', '[AUDIT_USER]', '2025-01-01 00:00:00', '[AUDIT_USER]');
insert into [DBSCHEMA].cmmn_cd_table (cmmn_cd_clsf_id, cmmn_cd_id, cmmn_cd_nm, cmmn_cd_expln, cmmn_cd_up_clsf_id, cmmn_cd_up_id, cmmn_cd_sort_no, cmmn_cd_user_dfn_vl1, cmmn_cd_user_dfn_vl2, cmmn_cd_user_dfn_vl3, use_yn, mdfcn_dt, mdfr_id, reg_dt, rgtr_id) values('SOLTECH_1001', '00030', '기각', '기각', '', '', 3, '', '', '', 'Y', '2025-01-01 00:00:00', '[AUDIT_USER]', '2025-01-01 00:00:00', '[AUDIT_USER]');
insert into [DBSCHEMA].cmmn_cd_table (cmmn_cd_clsf_id, cmmn_cd_id, cmmn_cd_nm, cmmn_cd_expln, cmmn_cd_up_clsf_id, cmmn_cd_up_id, cmmn_cd_sort_no, cmmn_cd_user_dfn_vl1, cmmn_cd_user_dfn_vl2, cmmn_cd_user_dfn_vl3, use_yn, mdfcn_dt, mdfr_id, reg_dt, rgtr_id) values('SOLTECH_1001', '00040', '전결', '전결', '', '', 4, '', '', '', 'Y', '2025-01-01 00:00:00', '[AUDIT_USER]', '2025-01-01 00:00:00', '[AUDIT_USER]');

-- SOLTECH_1010 (근태구분코드) --
insert into [DBSCHEMA].cmmn_cd_table (cmmn_cd_clsf_id, cmmn_cd_id, cmmn_cd_nm, cmmn_cd_expln, cmmn_cd_up_clsf_id, cmmn_cd_up_id, cmmn_cd_sort_no, cmmn_cd_user_dfn_vl1, cmmn_cd_user_dfn_vl2, cmmn_cd_user_dfn_vl3, use_yn, mdfcn_dt, mdfr_id, reg_dt, rgtr_id) values('SOLTECH_1010', '00000', '출근', '출근', '', '', 0, '1', '', '', 'Y', '2025-01-01 00:00:00', '[AUDIT_USER]', '2025-01-01 00:00:00', '[AUDIT_USER]');
insert into [DBSCHEMA].cmmn_cd_table (cmmn_cd_clsf_id, cmmn_cd_id, cmmn_cd_nm, cmmn_cd_expln, cmmn_cd_up_clsf_id, cmmn_cd_up_id, cmmn_cd_sort_no, cmmn_cd_user_dfn_vl1, cmmn_cd_user_dfn_vl2, cmmn_cd_user_dfn_vl3, use_yn, mdfcn_dt, mdfr_id, reg_dt, rgtr_id) values('SOLTECH_1010', '00010', '퇴근', '퇴근', '', '', 1, '2', '', '', 'Y', '2025-01-01 00:00:00', '[AUDIT_USER]', '2025-01-01 00:00:00', '[AUDIT_USER]');
insert into [DBSCHEMA].cmmn_cd_table (cmmn_cd_clsf_id, cmmn_cd_id, cmmn_cd_nm, cmmn_cd_expln, cmmn_cd_up_clsf_id, cmmn_cd_up_id, cmmn_cd_sort_no, cmmn_cd_user_dfn_vl1, cmmn_cd_user_dfn_vl2, cmmn_cd_user_dfn_vl3, use_yn, mdfcn_dt, mdfr_id, reg_dt, rgtr_id) values('SOLTECH_1010', '00020', '출장', '출장', '', '', 2, '', ',00020', '', 'Y', '2025-01-01 00:00:00', '[AUDIT_USER]', '2025-01-01 00:00:00', '[AUDIT_USER]');
insert into [DBSCHEMA].cmmn_cd_table (cmmn_cd_clsf_id, cmmn_cd_id, cmmn_cd_nm, cmmn_cd_expln, cmmn_cd_up_clsf_id, cmmn_cd_up_id, cmmn_cd_sort_no, cmmn_cd_user_dfn_vl1, cmmn_cd_user_dfn_vl2, cmmn_cd_user_dfn_vl3, use_yn, mdfcn_dt, mdfr_id, reg_dt, rgtr_id) values('SOLTECH_1010', '00030', '외근', '외근', '', '', 3, '', ',00021', '', 'Y', '2025-01-01 00:00:00', '[AUDIT_USER]', '2025-01-01 00:00:00', '[AUDIT_USER]');
insert into [DBSCHEMA].cmmn_cd_table (cmmn_cd_clsf_id, cmmn_cd_id, cmmn_cd_nm, cmmn_cd_expln, cmmn_cd_up_clsf_id, cmmn_cd_up_id, cmmn_cd_sort_no, cmmn_cd_user_dfn_vl1, cmmn_cd_user_dfn_vl2, cmmn_cd_user_dfn_vl3, use_yn, mdfcn_dt, mdfr_id, reg_dt, rgtr_id) values('SOLTECH_1010', '00040', '휴가', '휴가', '', '', 4, '', '', '', 'Y', '2025-01-01 00:00:00', '[AUDIT_USER]', '2025-01-01 00:00:00', '[AUDIT_USER]');
insert into [DBSCHEMA].cmmn_cd_table (cmmn_cd_clsf_id, cmmn_cd_id, cmmn_cd_nm, cmmn_cd_expln, cmmn_cd_up_clsf_id, cmmn_cd_up_id, cmmn_cd_sort_no, cmmn_cd_user_dfn_vl1, cmmn_cd_user_dfn_vl2, cmmn_cd_user_dfn_vl3, use_yn, mdfcn_dt, mdfr_id, reg_dt, rgtr_id) values('SOLTECH_1010', '00041', '연차휴가', '연차 휴가', 'SOLTECH_1010', '00040', 5, '', '00011,00031', '', 'Y', '2025-01-01 00:00:00', '[AUDIT_USER]', '2025-01-01 00:00:00', '[AUDIT_USER]');
insert into [DBSCHEMA].cmmn_cd_table (cmmn_cd_clsf_id, cmmn_cd_id, cmmn_cd_nm, cmmn_cd_expln, cmmn_cd_up_clsf_id, cmmn_cd_up_id, cmmn_cd_sort_no, cmmn_cd_user_dfn_vl1, cmmn_cd_user_dfn_vl2, cmmn_cd_user_dfn_vl3, use_yn, mdfcn_dt, mdfr_id, reg_dt, rgtr_id) values('SOLTECH_1010', '00042', '교육/훈련계휴가', '교육/훈련계 휴가', 'SOLTECH_1010', '00040', 6, '', '00012,00032', '', 'Y', '2025-01-01 00:00:00', '[AUDIT_USER]', '2025-01-01 00:00:00', '[AUDIT_USER]');
insert into [DBSCHEMA].cmmn_cd_table (cmmn_cd_clsf_id, cmmn_cd_id, cmmn_cd_nm, cmmn_cd_expln, cmmn_cd_up_clsf_id, cmmn_cd_up_id, cmmn_cd_sort_no, cmmn_cd_user_dfn_vl1, cmmn_cd_user_dfn_vl2, cmmn_cd_user_dfn_vl3, use_yn, mdfcn_dt, mdfr_id, reg_dt, rgtr_id) values('SOLTECH_1010', '00043', '경조사휴가', '경조사 휴가', 'SOLTECH_1010', '00040', 7, '', '00013,00033', '', 'Y', '2025-01-01 00:00:00', '[AUDIT_USER]', '2025-01-01 00:00:00', '[AUDIT_USER]');
insert into [DBSCHEMA].cmmn_cd_table (cmmn_cd_clsf_id, cmmn_cd_id, cmmn_cd_nm, cmmn_cd_expln, cmmn_cd_up_clsf_id, cmmn_cd_up_id, cmmn_cd_sort_no, cmmn_cd_user_dfn_vl1, cmmn_cd_user_dfn_vl2, cmmn_cd_user_dfn_vl3, use_yn, mdfcn_dt, mdfr_id, reg_dt, rgtr_id) values('SOLTECH_1010', '00044', '출산휴가', '출산 휴가', 'SOLTECH_1010', '00040', 8, '', '00014,00034', '', 'Y', '2025-01-01 00:00:00', '[AUDIT_USER]', '2025-01-01 00:00:00', '[AUDIT_USER]');
insert into [DBSCHEMA].cmmn_cd_table (cmmn_cd_clsf_id, cmmn_cd_id, cmmn_cd_nm, cmmn_cd_expln, cmmn_cd_up_clsf_id, cmmn_cd_up_id, cmmn_cd_sort_no, cmmn_cd_user_dfn_vl1, cmmn_cd_user_dfn_vl2, cmmn_cd_user_dfn_vl3, use_yn, mdfcn_dt, mdfr_id, reg_dt, rgtr_id) values('SOLTECH_1010', '00045', '병가', '병가', 'SOLTECH_1010', '00040', 9, '', '00015,00035', '', 'Y', '2025-01-01 00:00:00', '[AUDIT_USER]', '2025-01-01 00:00:00', '[AUDIT_USER]');
insert into [DBSCHEMA].cmmn_cd_table (cmmn_cd_clsf_id, cmmn_cd_id, cmmn_cd_nm, cmmn_cd_expln, cmmn_cd_up_clsf_id, cmmn_cd_up_id, cmmn_cd_sort_no, cmmn_cd_user_dfn_vl1, cmmn_cd_user_dfn_vl2, cmmn_cd_user_dfn_vl3, use_yn, mdfcn_dt, mdfr_id, reg_dt, rgtr_id) values('SOLTECH_1010', '00050', '반차', '반차', '', '', 10, '', '', '', 'Y', '2025-01-01 00:00:00', '[AUDIT_USER]', '2025-01-01 00:00:00', '[AUDIT_USER]');
insert into [DBSCHEMA].cmmn_cd_table (cmmn_cd_clsf_id, cmmn_cd_id, cmmn_cd_nm, cmmn_cd_expln, cmmn_cd_up_clsf_id, cmmn_cd_up_id, cmmn_cd_sort_no, cmmn_cd_user_dfn_vl1, cmmn_cd_user_dfn_vl2, cmmn_cd_user_dfn_vl3, use_yn, mdfcn_dt, mdfr_id, reg_dt, rgtr_id) values('SOLTECH_1010', '00051', '오전반차', '오전 반차', 'SOLTECH_1010', '00050', 11, '', '00021,00041', '', 'Y', '2025-01-01 00:00:00', '[AUDIT_USER]', '2025-01-01 00:00:00', '[AUDIT_USER]');
insert into [DBSCHEMA].cmmn_cd_table (cmmn_cd_clsf_id, cmmn_cd_id, cmmn_cd_nm, cmmn_cd_expln, cmmn_cd_up_clsf_id, cmmn_cd_up_id, cmmn_cd_sort_no, cmmn_cd_user_dfn_vl1, cmmn_cd_user_dfn_vl2, cmmn_cd_user_dfn_vl3, use_yn, mdfcn_dt, mdfr_id, reg_dt, rgtr_id) values('SOLTECH_1010', '00052', '오후반차', '오전 반차', 'SOLTECH_1010', '00050', 12, '', '00022,00042', '', 'Y', '2025-01-01 00:00:00', '[AUDIT_USER]', '2025-01-01 00:00:00', '[AUDIT_USER]');
insert into [DBSCHEMA].cmmn_cd_table (cmmn_cd_clsf_id, cmmn_cd_id, cmmn_cd_nm, cmmn_cd_expln, cmmn_cd_up_clsf_id, cmmn_cd_up_id, cmmn_cd_sort_no, cmmn_cd_user_dfn_vl1, cmmn_cd_user_dfn_vl2, cmmn_cd_user_dfn_vl3, use_yn, mdfcn_dt, mdfr_id, reg_dt, rgtr_id) values('SOLTECH_1010', '00060', '대체휴가', '대체휴가', '', '', 13, '', '00030,00050', '', 'Y', '2025-01-01 00:00:00', '[AUDIT_USER]', '2025-01-01 00:00:00', '[AUDIT_USER]');

-- SOLTECH_1020 (휴가구분코드) --
insert into [DBSCHEMA].cmmn_cd_table (cmmn_cd_clsf_id, cmmn_cd_id, cmmn_cd_nm, cmmn_cd_expln, cmmn_cd_up_clsf_id, cmmn_cd_up_id, cmmn_cd_sort_no, cmmn_cd_user_dfn_vl1, cmmn_cd_user_dfn_vl2, cmmn_cd_user_dfn_vl3, use_yn, mdfcn_dt, mdfr_id, reg_dt, rgtr_id) values('SOLTECH_1020', '00000', '지급', '지급', '', '', 0, '1', '', '', 'Y', '2025-01-01 00:00:00', '[AUDIT_USER]', '2025-01-01 00:00:00', '[AUDIT_USER]');
insert into [DBSCHEMA].cmmn_cd_table (cmmn_cd_clsf_id, cmmn_cd_id, cmmn_cd_nm, cmmn_cd_expln, cmmn_cd_up_clsf_id, cmmn_cd_up_id, cmmn_cd_sort_no, cmmn_cd_user_dfn_vl1, cmmn_cd_user_dfn_vl2, cmmn_cd_user_dfn_vl3, use_yn, mdfcn_dt, mdfr_id, reg_dt, rgtr_id) values('SOLTECH_1020', '00001', '회수', '회수', '', '', 1, '1', '', '', 'Y', '2025-01-01 00:00:00', '[AUDIT_USER]', '2025-01-01 00:00:00', '[AUDIT_USER]');
insert into [DBSCHEMA].cmmn_cd_table (cmmn_cd_clsf_id, cmmn_cd_id, cmmn_cd_nm, cmmn_cd_expln, cmmn_cd_up_clsf_id, cmmn_cd_up_id, cmmn_cd_sort_no, cmmn_cd_user_dfn_vl1, cmmn_cd_user_dfn_vl2, cmmn_cd_user_dfn_vl3, use_yn, mdfcn_dt, mdfr_id, reg_dt, rgtr_id) values('SOLTECH_1020', '00002', '잔여', '잔여', '', '', 2, '0', '', '', 'Y', '2025-01-01 00:00:00', '[AUDIT_USER]', '2025-01-01 00:00:00', '[AUDIT_USER]');
insert into [DBSCHEMA].cmmn_cd_table (cmmn_cd_clsf_id, cmmn_cd_id, cmmn_cd_nm, cmmn_cd_expln, cmmn_cd_up_clsf_id, cmmn_cd_up_id, cmmn_cd_sort_no, cmmn_cd_user_dfn_vl1, cmmn_cd_user_dfn_vl2, cmmn_cd_user_dfn_vl3, use_yn, mdfcn_dt, mdfr_id, reg_dt, rgtr_id) values('SOLTECH_1020', '00010', '휴가', '휴가', '', '', 4, '0', '', '', 'Y', '2025-01-01 00:00:00', '[AUDIT_USER]', '2025-01-01 00:00:00', '[AUDIT_USER]');
insert into [DBSCHEMA].cmmn_cd_table (cmmn_cd_clsf_id, cmmn_cd_id, cmmn_cd_nm, cmmn_cd_expln, cmmn_cd_up_clsf_id, cmmn_cd_up_id, cmmn_cd_sort_no, cmmn_cd_user_dfn_vl1, cmmn_cd_user_dfn_vl2, cmmn_cd_user_dfn_vl3, use_yn, mdfcn_dt, mdfr_id, reg_dt, rgtr_id) values('SOLTECH_1020', '00011', '연차휴가', '연차 휴가', 'SOLTECH_1020', '00010', 5, '1', '', '', 'Y', '2025-01-01 00:00:00', '[AUDIT_USER]', '2025-01-01 00:00:00', '[AUDIT_USER]');
insert into [DBSCHEMA].cmmn_cd_table (cmmn_cd_clsf_id, cmmn_cd_id, cmmn_cd_nm, cmmn_cd_expln, cmmn_cd_up_clsf_id, cmmn_cd_up_id, cmmn_cd_sort_no, cmmn_cd_user_dfn_vl1, cmmn_cd_user_dfn_vl2, cmmn_cd_user_dfn_vl3, use_yn, mdfcn_dt, mdfr_id, reg_dt, rgtr_id) values('SOLTECH_1020', '00012', '교육/훈련계휴가', '교육/훈련계 휴가', 'SOLTECH_1020', '00010', 6, '0', '', '', 'Y', '2025-01-01 00:00:00', '[AUDIT_USER]', '2025-01-01 00:00:00', '[AUDIT_USER]');
insert into [DBSCHEMA].cmmn_cd_table (cmmn_cd_clsf_id, cmmn_cd_id, cmmn_cd_nm, cmmn_cd_expln, cmmn_cd_up_clsf_id, cmmn_cd_up_id, cmmn_cd_sort_no, cmmn_cd_user_dfn_vl1, cmmn_cd_user_dfn_vl2, cmmn_cd_user_dfn_vl3, use_yn, mdfcn_dt, mdfr_id, reg_dt, rgtr_id) values('SOLTECH_1020', '00013', '경조사휴가', '경조사 휴가', 'SOLTECH_1020', '00010', 7, '0', '', '', 'Y', '2025-01-01 00:00:00', '[AUDIT_USER]', '2025-01-01 00:00:00', '[AUDIT_USER]');
insert into [DBSCHEMA].cmmn_cd_table (cmmn_cd_clsf_id, cmmn_cd_id, cmmn_cd_nm, cmmn_cd_expln, cmmn_cd_up_clsf_id, cmmn_cd_up_id, cmmn_cd_sort_no, cmmn_cd_user_dfn_vl1, cmmn_cd_user_dfn_vl2, cmmn_cd_user_dfn_vl3, use_yn, mdfcn_dt, mdfr_id, reg_dt, rgtr_id) values('SOLTECH_1020', '00014', '출산휴가', '출산 휴가', 'SOLTECH_1020', '00010', 8, '0', '', '', 'Y', '2025-01-01 00:00:00', '[AUDIT_USER]', '2025-01-01 00:00:00', '[AUDIT_USER]');
insert into [DBSCHEMA].cmmn_cd_table (cmmn_cd_clsf_id, cmmn_cd_id, cmmn_cd_nm, cmmn_cd_expln, cmmn_cd_up_clsf_id, cmmn_cd_up_id, cmmn_cd_sort_no, cmmn_cd_user_dfn_vl1, cmmn_cd_user_dfn_vl2, cmmn_cd_user_dfn_vl3, use_yn, mdfcn_dt, mdfr_id, reg_dt, rgtr_id) values('SOLTECH_1020', '00015', '병가', '병가', 'SOLTECH_1020', '00010', 9, '0', '', '', 'Y', '2025-01-01 00:00:00', '[AUDIT_USER]', '2025-01-01 00:00:00', '[AUDIT_USER]');
insert into [DBSCHEMA].cmmn_cd_table (cmmn_cd_clsf_id, cmmn_cd_id, cmmn_cd_nm, cmmn_cd_expln, cmmn_cd_up_clsf_id, cmmn_cd_up_id, cmmn_cd_sort_no, cmmn_cd_user_dfn_vl1, cmmn_cd_user_dfn_vl2, cmmn_cd_user_dfn_vl3, use_yn, mdfcn_dt, mdfr_id, reg_dt, rgtr_id) values('SOLTECH_1020', '00020', '반차', '반차', '', '', 10, '0', '', '', 'Y', '2025-01-01 00:00:00', '[AUDIT_USER]', '2025-01-01 00:00:00', '[AUDIT_USER]');
insert into [DBSCHEMA].cmmn_cd_table (cmmn_cd_clsf_id, cmmn_cd_id, cmmn_cd_nm, cmmn_cd_expln, cmmn_cd_up_clsf_id, cmmn_cd_up_id, cmmn_cd_sort_no, cmmn_cd_user_dfn_vl1, cmmn_cd_user_dfn_vl2, cmmn_cd_user_dfn_vl3, use_yn, mdfcn_dt, mdfr_id, reg_dt, rgtr_id) values('SOLTECH_1020', '00021', '오전반차', '오전 반차', 'SOLTECH_1020', '00020', 11, '1', '', '', 'Y', '2025-01-01 00:00:00', '[AUDIT_USER]', '2025-01-01 00:00:00', '[AUDIT_USER]');
insert into [DBSCHEMA].cmmn_cd_table (cmmn_cd_clsf_id, cmmn_cd_id, cmmn_cd_nm, cmmn_cd_expln, cmmn_cd_up_clsf_id, cmmn_cd_up_id, cmmn_cd_sort_no, cmmn_cd_user_dfn_vl1, cmmn_cd_user_dfn_vl2, cmmn_cd_user_dfn_vl3, use_yn, mdfcn_dt, mdfr_id, reg_dt, rgtr_id) values('SOLTECH_1020', '00022', '오후반차', '오전 반차', 'SOLTECH_1020', '00020', 12, '1', '', '', 'Y', '2025-01-01 00:00:00', '[AUDIT_USER]', '2025-01-01 00:00:00', '[AUDIT_USER]');
insert into [DBSCHEMA].cmmn_cd_table (cmmn_cd_clsf_id, cmmn_cd_id, cmmn_cd_nm, cmmn_cd_expln, cmmn_cd_up_clsf_id, cmmn_cd_up_id, cmmn_cd_sort_no, cmmn_cd_user_dfn_vl1, cmmn_cd_user_dfn_vl2, cmmn_cd_user_dfn_vl3, use_yn, mdfcn_dt, mdfr_id, reg_dt, rgtr_id) values('SOLTECH_1020', '00030', '대체휴가', '대체휴가', '', '', 13, '0', '', '', 'Y', '2025-01-01 00:00:00', '[AUDIT_USER]', '2025-01-01 00:00:00', '[AUDIT_USER]');
insert into [DBSCHEMA].cmmn_cd_table (cmmn_cd_clsf_id, cmmn_cd_id, cmmn_cd_nm, cmmn_cd_expln, cmmn_cd_up_clsf_id, cmmn_cd_up_id, cmmn_cd_sort_no, cmmn_cd_user_dfn_vl1, cmmn_cd_user_dfn_vl2, cmmn_cd_user_dfn_vl3, use_yn, mdfcn_dt, mdfr_id, reg_dt, rgtr_id) values('SOLTECH_1020', '00031', '대체휴가 지급', '대체휴가 지급', 'SOLTECH_1020', '00030', 14, '0', '', '', 'Y', '2025-01-01 00:00:00', '[AUDIT_USER]', '2025-01-01 00:00:00', '[AUDIT_USER]');
insert into [DBSCHEMA].cmmn_cd_table (cmmn_cd_clsf_id, cmmn_cd_id, cmmn_cd_nm, cmmn_cd_expln, cmmn_cd_up_clsf_id, cmmn_cd_up_id, cmmn_cd_sort_no, cmmn_cd_user_dfn_vl1, cmmn_cd_user_dfn_vl2, cmmn_cd_user_dfn_vl3, use_yn, mdfcn_dt, mdfr_id, reg_dt, rgtr_id) values('SOLTECH_1020', '00032', '대체휴가 회수', '대체휴가 회수', 'SOLTECH_1020', '00030', 15, '0', '', '', 'Y', '2025-01-01 00:00:00', '[AUDIT_USER]', '2025-01-01 00:00:00', '[AUDIT_USER]');
insert into [DBSCHEMA].cmmn_cd_table (cmmn_cd_clsf_id, cmmn_cd_id, cmmn_cd_nm, cmmn_cd_expln, cmmn_cd_up_clsf_id, cmmn_cd_up_id, cmmn_cd_sort_no, cmmn_cd_user_dfn_vl1, cmmn_cd_user_dfn_vl2, cmmn_cd_user_dfn_vl3, use_yn, mdfcn_dt, mdfr_id, reg_dt, rgtr_id) values('SOLTECH_1020', '00033', '대체휴가 사용', '대체휴가 사용', 'SOLTECH_1020', '00030', 16, '0', '', '', 'Y', '2025-01-01 00:00:00', '[AUDIT_USER]', '2025-01-01 00:00:00', '[AUDIT_USER]');

-- SOLTECH_1030 (일정구분코드) --
insert into [DBSCHEMA].cmmn_cd_table (cmmn_cd_clsf_id, cmmn_cd_id, cmmn_cd_nm, cmmn_cd_expln, cmmn_cd_up_clsf_id, cmmn_cd_up_id, cmmn_cd_sort_no, cmmn_cd_user_dfn_vl1, cmmn_cd_user_dfn_vl2, cmmn_cd_user_dfn_vl3, use_yn, mdfcn_dt, mdfr_id, reg_dt, rgtr_id) values('SOLTECH_1030', '00010', '사내', '사내', '', '', 0, '', '', '', 'Y', '2025-01-01 00:00:00', '[AUDIT_USER]', '2025-01-01 00:00:00', '[AUDIT_USER]');
insert into [DBSCHEMA].cmmn_cd_table (cmmn_cd_clsf_id, cmmn_cd_id, cmmn_cd_nm, cmmn_cd_expln, cmmn_cd_up_clsf_id, cmmn_cd_up_id, cmmn_cd_sort_no, cmmn_cd_user_dfn_vl1, cmmn_cd_user_dfn_vl2, cmmn_cd_user_dfn_vl3, use_yn, mdfcn_dt, mdfr_id, reg_dt, rgtr_id) values('SOLTECH_1030', '00020', '출장', '출장', '', '', 1, '', '', '', 'Y', '2025-01-01 00:00:00', '[AUDIT_USER]', '2025-01-01 00:00:00', '[AUDIT_USER]');
insert into [DBSCHEMA].cmmn_cd_table (cmmn_cd_clsf_id, cmmn_cd_id, cmmn_cd_nm, cmmn_cd_expln, cmmn_cd_up_clsf_id, cmmn_cd_up_id, cmmn_cd_sort_no, cmmn_cd_user_dfn_vl1, cmmn_cd_user_dfn_vl2, cmmn_cd_user_dfn_vl3, use_yn, mdfcn_dt, mdfr_id, reg_dt, rgtr_id) values('SOLTECH_1030', '00021', '외근', '외근', '', '', 2, '', '', '', 'Y', '2025-01-01 00:00:00', '[AUDIT_USER]', '2025-01-01 00:00:00', '[AUDIT_USER]');
insert into [DBSCHEMA].cmmn_cd_table (cmmn_cd_clsf_id, cmmn_cd_id, cmmn_cd_nm, cmmn_cd_expln, cmmn_cd_up_clsf_id, cmmn_cd_up_id, cmmn_cd_sort_no, cmmn_cd_user_dfn_vl1, cmmn_cd_user_dfn_vl2, cmmn_cd_user_dfn_vl3, use_yn, mdfcn_dt, mdfr_id, reg_dt, rgtr_id) values('SOLTECH_1030', '00030', '휴가', '휴가', '', '', 3, '', '', '', 'Y', '2025-01-01 00:00:00', '[AUDIT_USER]', '2025-01-01 00:00:00', '[AUDIT_USER]');
insert into [DBSCHEMA].cmmn_cd_table (cmmn_cd_clsf_id, cmmn_cd_id, cmmn_cd_nm, cmmn_cd_expln, cmmn_cd_up_clsf_id, cmmn_cd_up_id, cmmn_cd_sort_no, cmmn_cd_user_dfn_vl1, cmmn_cd_user_dfn_vl2, cmmn_cd_user_dfn_vl3, use_yn, mdfcn_dt, mdfr_id, reg_dt, rgtr_id) values('SOLTECH_1030', '00031', '연차휴가', '연차 휴가', 'SOLTECH_1030', '00030', 4, '', '', '', 'Y', '2025-01-01 00:00:00', '[AUDIT_USER]', '2025-01-01 00:00:00', '[AUDIT_USER]');
insert into [DBSCHEMA].cmmn_cd_table (cmmn_cd_clsf_id, cmmn_cd_id, cmmn_cd_nm, cmmn_cd_expln, cmmn_cd_up_clsf_id, cmmn_cd_up_id, cmmn_cd_sort_no, cmmn_cd_user_dfn_vl1, cmmn_cd_user_dfn_vl2, cmmn_cd_user_dfn_vl3, use_yn, mdfcn_dt, mdfr_id, reg_dt, rgtr_id) values('SOLTECH_1030', '00032', '교육/훈련계휴가', '교육/훈련계 휴가', 'SOLTECH_1030', '00030', 5, '', '', '', 'Y', '2025-01-01 00:00:00', '[AUDIT_USER]', '2025-01-01 00:00:00', '[AUDIT_USER]');
insert into [DBSCHEMA].cmmn_cd_table (cmmn_cd_clsf_id, cmmn_cd_id, cmmn_cd_nm, cmmn_cd_expln, cmmn_cd_up_clsf_id, cmmn_cd_up_id, cmmn_cd_sort_no, cmmn_cd_user_dfn_vl1, cmmn_cd_user_dfn_vl2, cmmn_cd_user_dfn_vl3, use_yn, mdfcn_dt, mdfr_id, reg_dt, rgtr_id) values('SOLTECH_1030', '00033', '경조사휴가', '경조사 휴가', 'SOLTECH_1030', '00030', 6, '', '', '', 'Y', '2025-01-01 00:00:00', '[AUDIT_USER]', '2025-01-01 00:00:00', '[AUDIT_USER]');
insert into [DBSCHEMA].cmmn_cd_table (cmmn_cd_clsf_id, cmmn_cd_id, cmmn_cd_nm, cmmn_cd_expln, cmmn_cd_up_clsf_id, cmmn_cd_up_id, cmmn_cd_sort_no, cmmn_cd_user_dfn_vl1, cmmn_cd_user_dfn_vl2, cmmn_cd_user_dfn_vl3, use_yn, mdfcn_dt, mdfr_id, reg_dt, rgtr_id) values('SOLTECH_1030', '00034', '출산휴가', '출산 휴가', 'SOLTECH_1030', '00030', 7, '', '', '', 'Y', '2025-01-01 00:00:00', '[AUDIT_USER]', '2025-01-01 00:00:00', '[AUDIT_USER]');
insert into [DBSCHEMA].cmmn_cd_table (cmmn_cd_clsf_id, cmmn_cd_id, cmmn_cd_nm, cmmn_cd_expln, cmmn_cd_up_clsf_id, cmmn_cd_up_id, cmmn_cd_sort_no, cmmn_cd_user_dfn_vl1, cmmn_cd_user_dfn_vl2, cmmn_cd_user_dfn_vl3, use_yn, mdfcn_dt, mdfr_id, reg_dt, rgtr_id) values('SOLTECH_1030', '00035', '병가', '병가', 'SOLTECH_1030', '00030', 8, '', '', '', 'Y', '2025-01-01 00:00:00', '[AUDIT_USER]', '2025-01-01 00:00:00', '[AUDIT_USER]');
insert into [DBSCHEMA].cmmn_cd_table (cmmn_cd_clsf_id, cmmn_cd_id, cmmn_cd_nm, cmmn_cd_expln, cmmn_cd_up_clsf_id, cmmn_cd_up_id, cmmn_cd_sort_no, cmmn_cd_user_dfn_vl1, cmmn_cd_user_dfn_vl2, cmmn_cd_user_dfn_vl3, use_yn, mdfcn_dt, mdfr_id, reg_dt, rgtr_id) values('SOLTECH_1030', '00040', '반차', '반차', '', '', 9, '', '', '', 'Y', '2025-01-01 00:00:00', '[AUDIT_USER]', '2025-01-01 00:00:00', '[AUDIT_USER]');
insert into [DBSCHEMA].cmmn_cd_table (cmmn_cd_clsf_id, cmmn_cd_id, cmmn_cd_nm, cmmn_cd_expln, cmmn_cd_up_clsf_id, cmmn_cd_up_id, cmmn_cd_sort_no, cmmn_cd_user_dfn_vl1, cmmn_cd_user_dfn_vl2, cmmn_cd_user_dfn_vl3, use_yn, mdfcn_dt, mdfr_id, reg_dt, rgtr_id) values('SOLTECH_1030', '00041', '오전반차', '오전 반차', 'SOLTECH_1030', '00040', 10, '', '', '', 'Y', '2025-01-01 00:00:00', '[AUDIT_USER]', '2025-01-01 00:00:00', '[AUDIT_USER]');
insert into [DBSCHEMA].cmmn_cd_table (cmmn_cd_clsf_id, cmmn_cd_id, cmmn_cd_nm, cmmn_cd_expln, cmmn_cd_up_clsf_id, cmmn_cd_up_id, cmmn_cd_sort_no, cmmn_cd_user_dfn_vl1, cmmn_cd_user_dfn_vl2, cmmn_cd_user_dfn_vl3, use_yn, mdfcn_dt, mdfr_id, reg_dt, rgtr_id) values('SOLTECH_1030', '00042', '오후반차', '오후 반차', 'SOLTECH_1030', '00040', 11, '', '', '', 'Y', '2025-01-01 00:00:00', '[AUDIT_USER]', '2025-01-01 00:00:00', '[AUDIT_USER]');
insert into [DBSCHEMA].cmmn_cd_table (cmmn_cd_clsf_id, cmmn_cd_id, cmmn_cd_nm, cmmn_cd_expln, cmmn_cd_up_clsf_id, cmmn_cd_up_id, cmmn_cd_sort_no, cmmn_cd_user_dfn_vl1, cmmn_cd_user_dfn_vl2, cmmn_cd_user_dfn_vl3, use_yn, mdfcn_dt, mdfr_id, reg_dt, rgtr_id) values('SOLTECH_1030', '00050', '대체휴가', '대체 휴가', '', '', 12, '', '', '', 'Y', '2025-01-01 00:00:00', '[AUDIT_USER]', '2025-01-01 00:00:00', '[AUDIT_USER]');

-- SOLTECH_9000 (도메인별파일업로드확장자허용) --
insert into [DBSCHEMA].cmmn_cd_table (cmmn_cd_clsf_id, cmmn_cd_id, cmmn_cd_nm, cmmn_cd_expln, cmmn_cd_up_clsf_id, cmmn_cd_up_id, cmmn_cd_sort_no, cmmn_cd_user_dfn_vl1, cmmn_cd_user_dfn_vl2, cmmn_cd_user_dfn_vl3, use_yn, mdfcn_dt, mdfr_id, reg_dt, rgtr_id) values('SOLTECH_9000', 'atrz', '결재', '결재', '', '', 0, 'xls,xlsx,txt,pdf,png,jpg', '', '', 'Y', '2025-01-01 00:00:00', '[AUDIT_USER]', '2025-01-01 00:00:00', '[AUDIT_USER]');

---- msg_table ----
insert into [DBSCHEMA].msg_table (msg_lang, msg_clsf, msg_cd, msg_nm, msg_cn, msg_user_dfn_vl1, msg_user_dfn_vl2, msg_user_dfn_vl3, msg_user_dfn_vl4, use_yn, reg_dt, rgtr_id, mdfcn_dt, mdfr_id) values('ko', 'SYSTEM', 'SYSTEM_0000', '테스트', '테스트', '', '', '', '', 'Y', '2025-01-01 00:00:00', '[AUDIT_USER]', '2025-01-01 00:00:00', '[AUDIT_USER]');
insert into [DBSCHEMA].msg_table (msg_lang, msg_clsf, msg_cd, msg_nm, msg_cn, msg_user_dfn_vl1, msg_user_dfn_vl2, msg_user_dfn_vl3, msg_user_dfn_vl4, use_yn, reg_dt, rgtr_id, mdfcn_dt, mdfr_id) values('en', 'SYSTEM', 'SYSTEM_0000', 'TEST', 'TEST', '', '', '', '', 'Y', '2025-01-01 00:00:00', '[AUDIT_USER]', '2025-01-01 00:00:00', '[AUDIT_USER]');
insert into [DBSCHEMA].msg_table (msg_lang, msg_clsf, msg_cd, msg_nm, msg_cn, msg_user_dfn_vl1, msg_user_dfn_vl2, msg_user_dfn_vl3, msg_user_dfn_vl4, use_yn, reg_dt, rgtr_id, mdfcn_dt, mdfr_id) values('ko', 'SUCCESS', 'SUCCESS_0000', '성공', '성공', '', '', '', '', 'Y', '2025-01-01 00:00:00', '[AUDIT_USER]', '2025-01-01 00:00:00', '[AUDIT_USER]');
insert into [DBSCHEMA].msg_table (msg_lang, msg_clsf, msg_cd, msg_nm, msg_cn, msg_user_dfn_vl1, msg_user_dfn_vl2, msg_user_dfn_vl3, msg_user_dfn_vl4, use_yn, reg_dt, rgtr_id, mdfcn_dt, mdfr_id) values('en', 'SUCCESS', 'SUCCESS_0000', 'Success', 'Success', '', '', '', '', 'Y', '2025-01-01 00:00:00', '[AUDIT_USER]', '2025-01-01 00:00:00', '[AUDIT_USER]');
insert into [DBSCHEMA].msg_table (msg_lang, msg_clsf, msg_cd, msg_nm, msg_cn, msg_user_dfn_vl1, msg_user_dfn_vl2, msg_user_dfn_vl3, msg_user_dfn_vl4, use_yn, reg_dt, rgtr_id, mdfcn_dt, mdfr_id) values('ko', 'SUCCESS', 'SUCCESS_0001', '정상', '정상적으로 처리되었습니다.', '', '', '', '', 'Y', '2025-01-01 00:00:00', '[AUDIT_USER]', '2025-01-01 00:00:00', '[AUDIT_USER]');
insert into [DBSCHEMA].msg_table (msg_lang, msg_clsf, msg_cd, msg_nm, msg_cn, msg_user_dfn_vl1, msg_user_dfn_vl2, msg_user_dfn_vl3, msg_user_dfn_vl4, use_yn, reg_dt, rgtr_id, mdfcn_dt, mdfr_id) values('en', 'SUCCESS', 'SUCCESS_0001', 'OK', 'The request has been successfully processed.', '', '', '', '', 'Y', '2025-01-01 00:00:00', '[AUDIT_USER]', '2025-01-01 00:00:00', '[AUDIT_USER]');
insert into [DBSCHEMA].msg_table (msg_lang, msg_clsf, msg_cd, msg_nm, msg_cn, msg_user_dfn_vl1, msg_user_dfn_vl2, msg_user_dfn_vl3, msg_user_dfn_vl4, use_yn, reg_dt, rgtr_id, mdfcn_dt, mdfr_id) values('ko', 'ERROR', 'ERROR_0000', '실패', '실패', '', '', '', '', 'Y', '2025-01-01 00:00:00', '[AUDIT_USER]', '2025-01-01 00:00:00', '[AUDIT_USER]');
insert into [DBSCHEMA].msg_table (msg_lang, msg_clsf, msg_cd, msg_nm, msg_cn, msg_user_dfn_vl1, msg_user_dfn_vl2, msg_user_dfn_vl3, msg_user_dfn_vl4, use_yn, reg_dt, rgtr_id, mdfcn_dt, mdfr_id) values('en', 'ERROR', 'ERROR_0000', 'FAIL', 'Fail', '', '', '', '', 'Y', '2025-01-01 00:00:00', '[AUDIT_USER]', '2025-01-01 00:00:00', '[AUDIT_USER]');
insert into [DBSCHEMA].msg_table (msg_lang, msg_clsf, msg_cd, msg_nm, msg_cn, msg_user_dfn_vl1, msg_user_dfn_vl2, msg_user_dfn_vl3, msg_user_dfn_vl4, use_yn, reg_dt, rgtr_id, mdfcn_dt, mdfr_id) values('ko', 'ERROR', 'ERROR_0001', '잘못된 요청', '잘못된 요청입니다. 올바른 요청 형식인지 확인해주세요.', '', '', '', '', 'Y', '2025-01-01 00:00:00', '[AUDIT_USER]', '2025-01-01 00:00:00', '[AUDIT_USER]');
insert into [DBSCHEMA].msg_table (msg_lang, msg_clsf, msg_cd, msg_nm, msg_cn, msg_user_dfn_vl1, msg_user_dfn_vl2, msg_user_dfn_vl3, msg_user_dfn_vl4, use_yn, reg_dt, rgtr_id, mdfcn_dt, mdfr_id) values('en', 'ERROR', 'ERROR_0001', 'BADREQUEST', 'Invalid request. Please check if the request format is correct.', '', '', '', '', 'Y', '2025-01-01 00:00:00', '[AUDIT_USER]', '2025-01-01 00:00:00', '[AUDIT_USER]');
insert into [DBSCHEMA].msg_table (msg_lang, msg_clsf, msg_cd, msg_nm, msg_cn, msg_user_dfn_vl1, msg_user_dfn_vl2, msg_user_dfn_vl3, msg_user_dfn_vl4, use_yn, reg_dt, rgtr_id, mdfcn_dt, mdfr_id) values('ko', 'ERROR', 'ERROR_0002', '인증되지 않은 사용자', '인증되지 않은 사용자입니다. 로그인 후 다시 시도해주세요.', '', '', '', '', 'Y', '2025-01-01 00:00:00', '[AUDIT_USER]', '2025-01-01 00:00:00', '[AUDIT_USER]');
insert into [DBSCHEMA].msg_table (msg_lang, msg_clsf, msg_cd, msg_nm, msg_cn, msg_user_dfn_vl1, msg_user_dfn_vl2, msg_user_dfn_vl3, msg_user_dfn_vl4, use_yn, reg_dt, rgtr_id, mdfcn_dt, mdfr_id) values('en', 'ERROR', 'ERROR_0002', 'UNAUTHORIZED', 'Unauthenticated user, please log in and try again.', '', '', '', '', 'Y', '2025-01-01 00:00:00', '[AUDIT_USER]', '2025-01-01 00:00:00', '[AUDIT_USER]');
insert into [DBSCHEMA].msg_table (msg_lang, msg_clsf, msg_cd, msg_nm, msg_cn, msg_user_dfn_vl1, msg_user_dfn_vl2, msg_user_dfn_vl3, msg_user_dfn_vl4, use_yn, reg_dt, rgtr_id, mdfcn_dt, mdfr_id) values('ko', 'ERROR', 'ERROR_0003', '접근 권한 없음', '권한이 없습니다.', '', '', '', '', 'Y', '2025-01-01 00:00:00', '[AUDIT_USER]', '2025-01-01 00:00:00', '[AUDIT_USER]');
insert into [DBSCHEMA].msg_table (msg_lang, msg_clsf, msg_cd, msg_nm, msg_cn, msg_user_dfn_vl1, msg_user_dfn_vl2, msg_user_dfn_vl3, msg_user_dfn_vl4, use_yn, reg_dt, rgtr_id, mdfcn_dt, mdfr_id) values('en', 'ERROR', 'ERROR_0003', 'FORBIDDEN', 'Don''t have permission.', '', '', '', '', 'Y', '2025-01-01 00:00:00', '[AUDIT_USER]', '2025-01-01 00:00:00', '[AUDIT_USER]');
insert into [DBSCHEMA].msg_table (msg_lang, msg_clsf, msg_cd, msg_nm, msg_cn, msg_user_dfn_vl1, msg_user_dfn_vl2, msg_user_dfn_vl3, msg_user_dfn_vl4, use_yn, reg_dt, rgtr_id, mdfcn_dt, mdfr_id) values('ko', 'ERROR', 'ERROR_0004', '잘못된 로그인 정보', '잘못된 로그인 정보입니다.', '', '', '', '', 'Y', '2025-01-01 00:00:00', '[AUDIT_USER]', '2025-01-01 00:00:00', '[AUDIT_USER]');
insert into [DBSCHEMA].msg_table (msg_lang, msg_clsf, msg_cd, msg_nm, msg_cn, msg_user_dfn_vl1, msg_user_dfn_vl2, msg_user_dfn_vl3, msg_user_dfn_vl4, use_yn, reg_dt, rgtr_id, mdfcn_dt, mdfr_id) values('en', 'ERROR', 'ERROR_0004', 'INVALID LOGIN', 'Invalid login information.', '', '', '', '', 'Y', '2025-01-01 00:00:00', '[AUDIT_USER]', '2025-01-01 00:00:00', '[AUDIT_USER]');
insert into [DBSCHEMA].msg_table (msg_lang, msg_clsf, msg_cd, msg_nm, msg_cn, msg_user_dfn_vl1, msg_user_dfn_vl2, msg_user_dfn_vl3, msg_user_dfn_vl4, use_yn, reg_dt, rgtr_id, mdfcn_dt, mdfr_id) values('ko', 'VALID', 'VALID_0000', '필수값', '{field}은(는) 필수 값입니다.', '', '', '', '', 'Y', '2025-01-01 00:00:00', '[AUDIT_USER]', '2025-01-01 00:00:00', '[AUDIT_USER]');
insert into [DBSCHEMA].msg_table (msg_lang, msg_clsf, msg_cd, msg_nm, msg_cn, msg_user_dfn_vl1, msg_user_dfn_vl2, msg_user_dfn_vl3, msg_user_dfn_vl4, use_yn, reg_dt, rgtr_id, mdfcn_dt, mdfr_id) values('en', 'VALID', 'VALID_0000', 'NOTNULL', '{field} is a required field.', '', '', '', '', 'Y', '2025-01-01 00:00:00', '[AUDIT_USER]', '2025-01-01 00:00:00', '[AUDIT_USER]');
insert into [DBSCHEMA].msg_table (msg_lang, msg_clsf, msg_cd, msg_nm, msg_cn, msg_user_dfn_vl1, msg_user_dfn_vl2, msg_user_dfn_vl3, msg_user_dfn_vl4, use_yn, reg_dt, rgtr_id, mdfcn_dt, mdfr_id) values('ko', 'VALID', 'VALID_0001', '공백', '{field}은(는) 공백일 수 없습니다.', '', '', '', '', 'Y', '2025-01-01 00:00:00', '[AUDIT_USER]', '2025-01-01 00:00:00', '[AUDIT_USER]');
insert into [DBSCHEMA].msg_table (msg_lang, msg_clsf, msg_cd, msg_nm, msg_cn, msg_user_dfn_vl1, msg_user_dfn_vl2, msg_user_dfn_vl3, msg_user_dfn_vl4, use_yn, reg_dt, rgtr_id, mdfcn_dt, mdfr_id) values('en', 'VALID', 'VALID_0001', 'NOTBLANK', '{field} cannot be blank.', '', '', '', '', 'Y', '2025-01-01 00:00:00', '[AUDIT_USER]', '2025-01-01 00:00:00', '[AUDIT_USER]');
insert into [DBSCHEMA].msg_table (msg_lang, msg_clsf, msg_cd, msg_nm, msg_cn, msg_user_dfn_vl1, msg_user_dfn_vl2, msg_user_dfn_vl3, msg_user_dfn_vl4, use_yn, reg_dt, rgtr_id, mdfcn_dt, mdfr_id) values('ko', 'VALID', 'VALID_0002', '크기', '{field}은(는) {0} {1} {2} {3}여야 합니다.', '', '', '', '', 'Y', '2025-01-01 00:00:00', '[AUDIT_USER]', '2025-01-01 00:00:00', '[AUDIT_USER]');
insert into [DBSCHEMA].msg_table (msg_lang, msg_clsf, msg_cd, msg_nm, msg_cn, msg_user_dfn_vl1, msg_user_dfn_vl2, msg_user_dfn_vl3, msg_user_dfn_vl4, use_yn, reg_dt, rgtr_id, mdfcn_dt, mdfr_id) values('en', 'VALID', 'VALID_0002', 'SIZE', '{field} must be {0} {1} {2} {3}.', '', '', '', '', 'Y', '2025-01-01 00:00:00', '[AUDIT_USER]', '2025-01-01 00:00:00', '[AUDIT_USER]');
insert into [DBSCHEMA].msg_table (msg_lang, msg_clsf, msg_cd, msg_nm, msg_cn, msg_user_dfn_vl1, msg_user_dfn_vl2, msg_user_dfn_vl3, msg_user_dfn_vl4, use_yn, reg_dt, rgtr_id, mdfcn_dt, mdfr_id) values('ko', 'VALID', 'VALID_0003', '형식', '{field}은(는) ''{0}'' 형식의 {1} 여야 합니다.', '', '', '', '', 'Y', '2025-01-01 00:00:00', '[AUDIT_USER]', '2025-01-01 00:00:00', '[AUDIT_USER]');
insert into [DBSCHEMA].msg_table (msg_lang, msg_clsf, msg_cd, msg_nm, msg_cn, msg_user_dfn_vl1, msg_user_dfn_vl2, msg_user_dfn_vl3, msg_user_dfn_vl4, use_yn, reg_dt, rgtr_id, mdfcn_dt, mdfr_id) values('en', 'VALID', 'VALID_0003', 'PATTERN', '{field} must be ''{0}'' Pattern.', '', '', '', '', 'Y', '2025-01-01 00:00:00', '[AUDIT_USER]', '2025-01-01 00:00:00', '[AUDIT_USER]');
insert into [DBSCHEMA].msg_table (msg_lang, msg_clsf, msg_cd, msg_nm, msg_cn, msg_user_dfn_vl1, msg_user_dfn_vl2, msg_user_dfn_vl3, msg_user_dfn_vl4, use_yn, reg_dt, rgtr_id, mdfcn_dt, mdfr_id) values('ko', 'VALID', 'VALID_0004', '이메일', '{field}은(는) E-Mail 형식여야 합니다.', '', '', '', '', 'Y', '2025-01-01 00:00:00', '[AUDIT_USER]', '2025-01-01 00:00:00', '[AUDIT_USER]');
insert into [DBSCHEMA].msg_table (msg_lang, msg_clsf, msg_cd, msg_nm, msg_cn, msg_user_dfn_vl1, msg_user_dfn_vl2, msg_user_dfn_vl3, msg_user_dfn_vl4, use_yn, reg_dt, rgtr_id, mdfcn_dt, mdfr_id) values('en', 'VALID', 'VALID_0004', 'EMAIL', '{field} must be E-Mail Pattern.', '', '', '', '', 'Y', '2025-01-01 00:00:00', '[AUDIT_USER]', '2025-01-01 00:00:00', '[AUDIT_USER]');
insert into [DBSCHEMA].msg_table (msg_lang, msg_clsf, msg_cd, msg_nm, msg_cn, msg_user_dfn_vl1, msg_user_dfn_vl2, msg_user_dfn_vl3, msg_user_dfn_vl4, use_yn, reg_dt, rgtr_id, mdfcn_dt, mdfr_id) values('ko', 'VALID', 'VALID_0005', '확장자', '{field}는 지원하지 않는 확장자 입니다.', '', '', '', '', 'Y', '2025-01-01 00:00:00', '[AUDIT_USER]', '2025-01-01 00:00:00', '[AUDIT_USER]');
insert into [DBSCHEMA].msg_table (msg_lang, msg_clsf, msg_cd, msg_nm, msg_cn, msg_user_dfn_vl1, msg_user_dfn_vl2, msg_user_dfn_vl3, msg_user_dfn_vl4, use_yn, reg_dt, rgtr_id, mdfcn_dt, mdfr_id) values('en', 'VALID', 'VALID_0005', 'EXTENSION', '''{field}'' is an unsupport extension.', '', '', '', '', 'Y', '2025-01-01 00:00:00', '[AUDIT_USER]', '2025-01-01 00:00:00', '[AUDIT_USER]');
insert into [DBSCHEMA].msg_table (msg_lang, msg_clsf, msg_cd, msg_nm, msg_cn, msg_user_dfn_vl1, msg_user_dfn_vl2, msg_user_dfn_vl3, msg_user_dfn_vl4, use_yn, reg_dt, rgtr_id, mdfcn_dt, mdfr_id) values('en', 'FIELD', 'atdcCd', 'ATCD CD', 'ATDC CD', '', '', '',NULL,'Y', '2025-01-01 00:00:00', '[AUDIT_USER]', '2025-01-01 00:00:00', '[AUDIT_USER]');
insert into [DBSCHEMA].msg_table (msg_lang, msg_clsf, msg_cd, msg_nm, msg_cn, msg_user_dfn_vl1, msg_user_dfn_vl2, msg_user_dfn_vl3, msg_user_dfn_vl4, use_yn, reg_dt, rgtr_id, mdfcn_dt, mdfr_id) values('ko', 'FIELD', 'atdcCd', '근태 코드', '근태 코드', '', '', '',NULL,'Y', '2025-01-01 00:00:00', '[AUDIT_USER]', '2025-01-01 00:00:00', '[AUDIT_USER]');
insert into [DBSCHEMA].msg_table (msg_lang, msg_clsf, msg_cd, msg_nm, msg_cn, msg_user_dfn_vl1, msg_user_dfn_vl2, msg_user_dfn_vl3, msg_user_dfn_vl4, use_yn, reg_dt, rgtr_id, mdfcn_dt, mdfr_id) values('en', 'FIELD', 'atdcTm', 'ATDC TM', 'ATDC TM', '', '', '', '', 'Y', '2025-01-01 00:00:00', '[AUDIT_USER]', '2025-01-01 00:00:00', '[AUDIT_USER]');
insert into [DBSCHEMA].msg_table (msg_lang, msg_clsf, msg_cd, msg_nm, msg_cn, msg_user_dfn_vl1, msg_user_dfn_vl2, msg_user_dfn_vl3, msg_user_dfn_vl4, use_yn, reg_dt, rgtr_id, mdfcn_dt, mdfr_id) values('ko', 'FIELD', 'atdcTm', '근태 시각', '근태 시각', '', '', '', '', 'Y', '2025-01-01 00:00:00', '[AUDIT_USER]', '2025-01-01 00:00:00', '[AUDIT_USER]');
insert into [DBSCHEMA].msg_table (msg_lang, msg_clsf, msg_cd, msg_nm, msg_cn, msg_user_dfn_vl1, msg_user_dfn_vl2, msg_user_dfn_vl3, msg_user_dfn_vl4, use_yn, reg_dt, rgtr_id, mdfcn_dt, mdfr_id) values('en', 'FIELD', 'atdcUserId', 'ATDC USER ID', 'ATDC USER ID', '', '', '',NULL,'Y', '2025-01-01 00:00:00', '[AUDIT_USER]', '2025-01-01 00:00:00', '[AUDIT_USER]');
insert into [DBSCHEMA].msg_table (msg_lang, msg_clsf, msg_cd, msg_nm, msg_cn, msg_user_dfn_vl1, msg_user_dfn_vl2, msg_user_dfn_vl3, msg_user_dfn_vl4, use_yn, reg_dt, rgtr_id, mdfcn_dt, mdfr_id) values('ko', 'FIELD', 'atdcUserId', '근태 사용자 ID', '근태 사용자 ID', '', '', '',NULL,'Y', '2025-01-01 00:00:00', '[AUDIT_USER]', '2025-01-01 00:00:00', '[AUDIT_USER]');
insert into [DBSCHEMA].msg_table (msg_lang, msg_clsf, msg_cd, msg_nm, msg_cn, msg_user_dfn_vl1, msg_user_dfn_vl2, msg_user_dfn_vl3, msg_user_dfn_vl4, use_yn, reg_dt, rgtr_id, mdfcn_dt, mdfr_id) values('en', 'FIELD', 'atdcYmd', 'ATCD YMD', 'ATDC YMD', '', '', '',NULL,'Y', '2025-01-01 00:00:00', '[AUDIT_USER]', '2025-01-01 00:00:00', '[AUDIT_USER]');
insert into [DBSCHEMA].msg_table (msg_lang, msg_clsf, msg_cd, msg_nm, msg_cn, msg_user_dfn_vl1, msg_user_dfn_vl2, msg_user_dfn_vl3, msg_user_dfn_vl4, use_yn, reg_dt, rgtr_id, mdfcn_dt, mdfr_id) values('ko', 'FIELD', 'atdcYmd', '근태 일자', '근태 일자', '', '', '',NULL,'Y', '2025-01-01 00:00:00', '[AUDIT_USER]', '2025-01-01 00:00:00', '[AUDIT_USER]');
insert into [DBSCHEMA].msg_table (msg_lang, msg_clsf, msg_cd, msg_nm, msg_cn, msg_user_dfn_vl1, msg_user_dfn_vl2, msg_user_dfn_vl3, msg_user_dfn_vl4, use_yn, reg_dt, rgtr_id, mdfcn_dt, mdfr_id) values('en', 'FIELD', 'authrtBgngYmd', 'AUTHRT BGNG YMD', 'AUTHRT BGNG YMD', '', '', '', '', 'Y', '2025-01-01 00:00:00', '[AUDIT_USER]', '2025-01-01 00:00:00', '[AUDIT_USER]');
insert into [DBSCHEMA].msg_table (msg_lang, msg_clsf, msg_cd, msg_nm, msg_cn, msg_user_dfn_vl1, msg_user_dfn_vl2, msg_user_dfn_vl3, msg_user_dfn_vl4, use_yn, reg_dt, rgtr_id, mdfcn_dt, mdfr_id) values('ko', 'FIELD', 'authrtBgngYmd', '권한 시작 일자', '권한 시작 일자', '', '', '', '', 'Y', '2025-01-01 00:00:00', '[AUDIT_USER]', '2025-01-01 00:00:00', '[AUDIT_USER]');
insert into [DBSCHEMA].msg_table (msg_lang, msg_clsf, msg_cd, msg_nm, msg_cn, msg_user_dfn_vl1, msg_user_dfn_vl2, msg_user_dfn_vl3, msg_user_dfn_vl4, use_yn, reg_dt, rgtr_id, mdfcn_dt, mdfr_id) values('en', 'FIELD', 'authrtSeCd', 'AUTHRT SE CD', 'AUTHRT SE CD', '', '', '', '', 'Y', '2025-01-01 00:00:00', '[AUDIT_USER]', '2025-01-01 00:00:00', '[AUDIT_USER]');
insert into [DBSCHEMA].msg_table (msg_lang, msg_clsf, msg_cd, msg_nm, msg_cn, msg_user_dfn_vl1, msg_user_dfn_vl2, msg_user_dfn_vl3, msg_user_dfn_vl4, use_yn, reg_dt, rgtr_id, mdfcn_dt, mdfr_id) values('ko', 'FIELD', 'authrtSeCd', '권한 구분 코드', '권한 구분 코드', '', '', '', '', 'Y', '2025-01-01 00:00:00', '[AUDIT_USER]', '2025-01-01 00:00:00', '[AUDIT_USER]');
insert into [DBSCHEMA].msg_table (msg_lang, msg_clsf, msg_cd, msg_nm, msg_cn, msg_user_dfn_vl1, msg_user_dfn_vl2, msg_user_dfn_vl3, msg_user_dfn_vl4, use_yn, reg_dt, rgtr_id, mdfcn_dt, mdfr_id) values('en', 'FIELD', 'authrtEndYmd', 'AUTHRT END YMD', 'AUTHRT END YMD', '', '', '', '', 'Y', '2025-01-01 00:00:00', '[AUDIT_USER]', '2025-01-01 00:00:00', '[AUDIT_USER]');
insert into [DBSCHEMA].msg_table (msg_lang, msg_clsf, msg_cd, msg_nm, msg_cn, msg_user_dfn_vl1, msg_user_dfn_vl2, msg_user_dfn_vl3, msg_user_dfn_vl4, use_yn, reg_dt, rgtr_id, mdfcn_dt, mdfr_id) values('ko', 'FIELD', 'authrtEndYmd', '권한 종료 일자', '권한 종료 일자', '', '', '', '', 'Y', '2025-01-01 00:00:00', '[AUDIT_USER]', '2025-01-01 00:00:00', '[AUDIT_USER]');
insert into [DBSCHEMA].msg_table (msg_lang, msg_clsf, msg_cd, msg_nm, msg_cn, msg_user_dfn_vl1, msg_user_dfn_vl2, msg_user_dfn_vl3, msg_user_dfn_vl4, use_yn, reg_dt, rgtr_id, mdfcn_dt, mdfr_id) values('en', 'FIELD', 'cmmnCdClsfExpln', 'CMMN CD CLSF EXPLN', 'CMMN CD CLSF EXPLN', '', '', '', '', 'Y', '2025-01-01 00:00:00', '[AUDIT_USER]', '2025-01-01 00:00:00', '[AUDIT_USER]');
insert into [DBSCHEMA].msg_table (msg_lang, msg_clsf, msg_cd, msg_nm, msg_cn, msg_user_dfn_vl1, msg_user_dfn_vl2, msg_user_dfn_vl3, msg_user_dfn_vl4, use_yn, reg_dt, rgtr_id, mdfcn_dt, mdfr_id) values('ko', 'FIELD', 'cmmnCdClsfExpln', '공통코드 분류 설명', '공통코드 분류 설명', '', '', '', '', 'Y', '2025-01-01 00:00:00', '[AUDIT_USER]', '2025-01-01 00:00:00', '[AUDIT_USER]');
insert into [DBSCHEMA].msg_table (msg_lang, msg_clsf, msg_cd, msg_nm, msg_cn, msg_user_dfn_vl1, msg_user_dfn_vl2, msg_user_dfn_vl3, msg_user_dfn_vl4, use_yn, reg_dt, rgtr_id, mdfcn_dt, mdfr_id) values('en', 'FIELD', 'cmmnCdClsfId', 'CODE CLASSIFICATION ID', 'CODE CLASSIFICATION ID', '', '', '',NULL,'Y', '2025-01-01 00:00:00', '[AUDIT_USER]', '2025-01-01 00:00:00', '[AUDIT_USER]');
insert into [DBSCHEMA].msg_table (msg_lang, msg_clsf, msg_cd, msg_nm, msg_cn, msg_user_dfn_vl1, msg_user_dfn_vl2, msg_user_dfn_vl3, msg_user_dfn_vl4, use_yn, reg_dt, rgtr_id, mdfcn_dt, mdfr_id) values('ko', 'FIELD', 'cmmnCdClsfId', '공통코드구분ID', '공통코드구분ID', '', '', '',NULL,'Y', '2025-01-01 00:00:00', '[AUDIT_USER]', '2025-01-01 00:00:00', '[AUDIT_USER]');
insert into [DBSCHEMA].msg_table (msg_lang, msg_clsf, msg_cd, msg_nm, msg_cn, msg_user_dfn_vl1, msg_user_dfn_vl2, msg_user_dfn_vl3, msg_user_dfn_vl4, use_yn, reg_dt, rgtr_id, mdfcn_dt, mdfr_id) values('en', 'FIELD', 'cmmnCdClsfNm', 'CMMN CD CLSF NM', 'CMMN CD CLSF NM', '', '', '', '', 'Y', '2025-01-01 00:00:00', '[AUDIT_USER]', '2025-01-01 00:00:00', '[AUDIT_USER]');
insert into [DBSCHEMA].msg_table (msg_lang, msg_clsf, msg_cd, msg_nm, msg_cn, msg_user_dfn_vl1, msg_user_dfn_vl2, msg_user_dfn_vl3, msg_user_dfn_vl4, use_yn, reg_dt, rgtr_id, mdfcn_dt, mdfr_id) values('ko', 'FIELD', 'cmmnCdClsfNm', '공통코드 분류 명', '공통코드 분류 명', '', '', '', '', 'Y', '2025-01-01 00:00:00', '[AUDIT_USER]', '2025-01-01 00:00:00', '[AUDIT_USER]');
insert into [DBSCHEMA].msg_table (msg_lang, msg_clsf, msg_cd, msg_nm, msg_cn, msg_user_dfn_vl1, msg_user_dfn_vl2, msg_user_dfn_vl3, msg_user_dfn_vl4, use_yn, reg_dt, rgtr_id, mdfcn_dt, mdfr_id) values('en', 'FIELD', 'cmmnCdExpln', 'CMMN CD EXPLN', 'CMMN CD EXPLN', '', '', '', '', 'Y', '2025-01-01 00:00:00', '[AUDIT_USER]', '2025-01-01 00:00:00', '[AUDIT_USER]');
insert into [DBSCHEMA].msg_table (msg_lang, msg_clsf, msg_cd, msg_nm, msg_cn, msg_user_dfn_vl1, msg_user_dfn_vl2, msg_user_dfn_vl3, msg_user_dfn_vl4, use_yn, reg_dt, rgtr_id, mdfcn_dt, mdfr_id) values('ko', 'FIELD', 'cmmnCdExpln', '공통코드 설명', '공통코드 설명', '', '', '', '', 'Y', '2025-01-01 00:00:00', '[AUDIT_USER]', '2025-01-01 00:00:00', '[AUDIT_USER]');
insert into [DBSCHEMA].msg_table (msg_lang, msg_clsf, msg_cd, msg_nm, msg_cn, msg_user_dfn_vl1, msg_user_dfn_vl2, msg_user_dfn_vl3, msg_user_dfn_vl4, use_yn, reg_dt, rgtr_id, mdfcn_dt, mdfr_id) values('en', 'FIELD', 'cmmnCdId', 'CODE ID', 'CODE ID', '', '', '',NULL,'Y', '2025-01-01 00:00:00', '[AUDIT_USER]', '2025-01-01 00:00:00', '[AUDIT_USER]');
insert into [DBSCHEMA].msg_table (msg_lang, msg_clsf, msg_cd, msg_nm, msg_cn, msg_user_dfn_vl1, msg_user_dfn_vl2, msg_user_dfn_vl3, msg_user_dfn_vl4, use_yn, reg_dt, rgtr_id, mdfcn_dt, mdfr_id) values('ko', 'FIELD', 'cmmnCdId', '공통코드ID', '공통코드ID', '', '', '',NULL,'Y', '2025-01-01 00:00:00', '[AUDIT_USER]', '2025-01-01 00:00:00', '[AUDIT_USER]');
insert into [DBSCHEMA].msg_table (msg_lang, msg_clsf, msg_cd, msg_nm, msg_cn, msg_user_dfn_vl1, msg_user_dfn_vl2, msg_user_dfn_vl3, msg_user_dfn_vl4, use_yn, reg_dt, rgtr_id, mdfcn_dt, mdfr_id) values('en', 'FIELD', 'cmmnCdNm', 'CMMN CD NM', 'CMMN CD NM', '', '', '', '', 'Y', '2025-01-01 00:00:00', '[AUDIT_USER]', '2025-01-01 00:00:00', '[AUDIT_USER]');
insert into [DBSCHEMA].msg_table (msg_lang, msg_clsf, msg_cd, msg_nm, msg_cn, msg_user_dfn_vl1, msg_user_dfn_vl2, msg_user_dfn_vl3, msg_user_dfn_vl4, use_yn, reg_dt, rgtr_id, mdfcn_dt, mdfr_id) values('ko', 'FIELD', 'cmmnCdNm', '공통코드 명', '공통코드 명', '', '', '', '', 'Y', '2025-01-01 00:00:00', '[AUDIT_USER]', '2025-01-01 00:00:00', '[AUDIT_USER]');
insert into [DBSCHEMA].msg_table (msg_lang, msg_clsf, msg_cd, msg_nm, msg_cn, msg_user_dfn_vl1, msg_user_dfn_vl2, msg_user_dfn_vl3, msg_user_dfn_vl4, use_yn, reg_dt, rgtr_id, mdfcn_dt, mdfr_id) values('en', 'FIELD', 'cmmnCdSortNo', 'CMMN CD SORT NO', 'CMMN CD SORT NO', '', '', '', '', 'Y', '2025-01-01 00:00:00', '[AUDIT_USER]', '2025-01-01 00:00:00', '[AUDIT_USER]');
insert into [DBSCHEMA].msg_table (msg_lang, msg_clsf, msg_cd, msg_nm, msg_cn, msg_user_dfn_vl1, msg_user_dfn_vl2, msg_user_dfn_vl3, msg_user_dfn_vl4, use_yn, reg_dt, rgtr_id, mdfcn_dt, mdfr_id) values('ko', 'FIELD', 'cmmnCdSortNo', '공통코드 정렬 번호', '공통코드 정렬 번호', '', '', '', '', 'Y', '2025-01-01 00:00:00', '[AUDIT_USER]', '2025-01-01 00:00:00', '[AUDIT_USER]');
insert into [DBSCHEMA].msg_table (msg_lang, msg_clsf, msg_cd, msg_nm, msg_cn, msg_user_dfn_vl1, msg_user_dfn_vl2, msg_user_dfn_vl3, msg_user_dfn_vl4, use_yn, reg_dt, rgtr_id, mdfcn_dt, mdfr_id) values('en', 'FIELD', 'cmmnCdUserDfnVl1', 'CMMN CD USER DFN VL1', 'CMMN CD USER DFN VL1', '', '', '', '', 'Y', '2025-01-01 00:00:00', '[AUDIT_USER]', '2025-01-01 00:00:00', '[AUDIT_USER]');
insert into [DBSCHEMA].msg_table (msg_lang, msg_clsf, msg_cd, msg_nm, msg_cn, msg_user_dfn_vl1, msg_user_dfn_vl2, msg_user_dfn_vl3, msg_user_dfn_vl4, use_yn, reg_dt, rgtr_id, mdfcn_dt, mdfr_id) values('ko', 'FIELD', 'cmmnCdUserDfnVl1', '공통코드 사용자정의 값1', '공통코드 사용자정의 값1', '', '', '', '', 'Y', '2025-01-01 00:00:00', '[AUDIT_USER]', '2025-01-01 00:00:00', '[AUDIT_USER]');
insert into [DBSCHEMA].msg_table (msg_lang, msg_clsf, msg_cd, msg_nm, msg_cn, msg_user_dfn_vl1, msg_user_dfn_vl2, msg_user_dfn_vl3, msg_user_dfn_vl4, use_yn, reg_dt, rgtr_id, mdfcn_dt, mdfr_id) values('en', 'FIELD', 'cmmnCdUserDfnVl2', 'CMMN CD USER DFN VL2', 'CMMN CD USER DFN VL2', '', '', '', '', 'Y', '2025-01-01 00:00:00', '[AUDIT_USER]', '2025-01-01 00:00:00', '[AUDIT_USER]');
insert into [DBSCHEMA].msg_table (msg_lang, msg_clsf, msg_cd, msg_nm, msg_cn, msg_user_dfn_vl1, msg_user_dfn_vl2, msg_user_dfn_vl3, msg_user_dfn_vl4, use_yn, reg_dt, rgtr_id, mdfcn_dt, mdfr_id) values('ko', 'FIELD', 'cmmnCdUserDfnVl2', '공통코드 사용자정의 값2', '공통코드 사용자정의 값2', '', '', '', '', 'Y', '2025-01-01 00:00:00', '[AUDIT_USER]', '2025-01-01 00:00:00', '[AUDIT_USER]');
insert into [DBSCHEMA].msg_table (msg_lang, msg_clsf, msg_cd, msg_nm, msg_cn, msg_user_dfn_vl1, msg_user_dfn_vl2, msg_user_dfn_vl3, msg_user_dfn_vl4, use_yn, reg_dt, rgtr_id, mdfcn_dt, mdfr_id) values('en', 'FIELD', 'cmmnCdUserDfnVl3', 'CMMN CD USER DFN VL3', 'CMMN CD USER DFN VL3', '', '', '', '', 'Y', '2025-01-01 00:00:00', '[AUDIT_USER]', '2025-01-01 00:00:00', '[AUDIT_USER]');
insert into [DBSCHEMA].msg_table (msg_lang, msg_clsf, msg_cd, msg_nm, msg_cn, msg_user_dfn_vl1, msg_user_dfn_vl2, msg_user_dfn_vl3, msg_user_dfn_vl4, use_yn, reg_dt, rgtr_id, mdfcn_dt, mdfr_id) values('ko', 'FIELD', 'cmmnCdUserDfnVl3', '공통코드 사용자정의 값3', '공통코드 사용자정의 값3', '', '', '', '', 'Y', '2025-01-01 00:00:00', '[AUDIT_USER]', '2025-01-01 00:00:00', '[AUDIT_USER]');
insert into [DBSCHEMA].msg_table (msg_lang, msg_clsf, msg_cd, msg_nm, msg_cn, msg_user_dfn_vl1, msg_user_dfn_vl2, msg_user_dfn_vl3, msg_user_dfn_vl4, use_yn, reg_dt, rgtr_id, mdfcn_dt, mdfr_id) values('en', 'FIELD', 'docSeCd', 'DOC SE CD', 'DOC SE CD', '', '', '', '', 'Y', '2025-01-01 00:00:00', '[AUDIT_USER]', '2025-01-01 00:00:00', '[AUDIT_USER]');
insert into [DBSCHEMA].msg_table (msg_lang, msg_clsf, msg_cd, msg_nm, msg_cn, msg_user_dfn_vl1, msg_user_dfn_vl2, msg_user_dfn_vl3, msg_user_dfn_vl4, use_yn, reg_dt, rgtr_id, mdfcn_dt, mdfr_id) values('ko', 'FIELD', 'docSeCd', '문서 구분 코드', '문서 구분 코드', '', '', '', '', 'Y', '2025-01-01 00:00:00', '[AUDIT_USER]', '2025-01-01 00:00:00', '[AUDIT_USER]');
insert into [DBSCHEMA].msg_table (msg_lang, msg_clsf, msg_cd, msg_nm, msg_cn, msg_user_dfn_vl1, msg_user_dfn_vl2, msg_user_dfn_vl3, msg_user_dfn_vl4, use_yn, reg_dt, rgtr_id, mdfcn_dt, mdfr_id) values('en', 'FIELD', 'docNo', 'DOC NO', 'DOC NO', '', '', '', '', 'Y', '2025-01-01 00:00:00', '[AUDIT_USER]', '2025-01-01 00:00:00', '[AUDIT_USER]');
insert into [DBSCHEMA].msg_table (msg_lang, msg_clsf, msg_cd, msg_nm, msg_cn, msg_user_dfn_vl1, msg_user_dfn_vl2, msg_user_dfn_vl3, msg_user_dfn_vl4, use_yn, reg_dt, rgtr_id, mdfcn_dt, mdfr_id) values('ko', 'FIELD', 'docNo', '문서 번호', '문서 번호', '', '', '', '', 'Y', '2025-01-01 00:00:00', '[AUDIT_USER]', '2025-01-01 00:00:00', '[AUDIT_USER]');
insert into [DBSCHEMA].msg_table (msg_lang, msg_clsf, msg_cd, msg_nm, msg_cn, msg_user_dfn_vl1, msg_user_dfn_vl2, msg_user_dfn_vl3, msg_user_dfn_vl4, use_yn, reg_dt, rgtr_id, mdfcn_dt, mdfr_id) values('en', 'FIELD', 'atrzSttsSeCd ', 'ATRZ STTS SE CD', 'ATRZ STTS SE CD', '', '', '', '', 'Y', '2025-01-01 00:00:00', '[AUDIT_USER]', '2025-01-01 00:00:00', '[AUDIT_USER]');
insert into [DBSCHEMA].msg_table (msg_lang, msg_clsf, msg_cd, msg_nm, msg_cn, msg_user_dfn_vl1, msg_user_dfn_vl2, msg_user_dfn_vl3, msg_user_dfn_vl4, use_yn, reg_dt, rgtr_id, mdfcn_dt, mdfr_id) values('ko', 'FIELD', 'atrzSttsSeCd ', '결재 상태 구분 코드', '문서 상태 구분 코드', '', '', '', '', 'Y', '2025-01-01 00:00:00', '[AUDIT_USER]', '2025-01-01 00:00:00', '[AUDIT_USER]');
insert into [DBSCHEMA].msg_table (msg_lang, msg_clsf, msg_cd, msg_nm, msg_cn, msg_user_dfn_vl1, msg_user_dfn_vl2, msg_user_dfn_vl3, msg_user_dfn_vl4, use_yn, reg_dt, rgtr_id, mdfcn_dt, mdfr_id) values('en', 'FIELD', 'docTtl', 'DOC TTL', 'DOC TTL', '', '', '', '', 'Y', '2025-01-01 00:00:00', '[AUDIT_USER]', '2025-01-01 00:00:00', '[AUDIT_USER]');
insert into [DBSCHEMA].msg_table (msg_lang, msg_clsf, msg_cd, msg_nm, msg_cn, msg_user_dfn_vl1, msg_user_dfn_vl2, msg_user_dfn_vl3, msg_user_dfn_vl4, use_yn, reg_dt, rgtr_id, mdfcn_dt, mdfr_id) values('ko', 'FIELD', 'docTtl', '문서 제목', '문서 제목', '', '', '', '', 'Y', '2025-01-01 00:00:00', '[AUDIT_USER]', '2025-01-01 00:00:00', '[AUDIT_USER]');
insert into [DBSCHEMA].msg_table (msg_lang, msg_clsf, msg_cd, msg_nm, msg_cn, msg_user_dfn_vl1, msg_user_dfn_vl2, msg_user_dfn_vl3, msg_user_dfn_vl4, use_yn, reg_dt, rgtr_id, mdfcn_dt, mdfr_id) values('en', 'FIELD', 'drftBgngYmd', 'DRAFTING BEGINNING DATE', 'DRAFTING BEGINNING DATE', '8', '', '',NULL,'Y', '2025-01-01 00:00:00', '[AUDIT_USER]', '2025-01-01 00:00:00', '[AUDIT_USER]');
insert into [DBSCHEMA].msg_table (msg_lang, msg_clsf, msg_cd, msg_nm, msg_cn, msg_user_dfn_vl1, msg_user_dfn_vl2, msg_user_dfn_vl3, msg_user_dfn_vl4, use_yn, reg_dt, rgtr_id, mdfcn_dt, mdfr_id) values('ko', 'FIELD', 'drftBgngYmd', '결재 시작 일자', '결재 시작 일자', '8', '숫자', '',NULL,'Y', '2025-01-01 00:00:00', '[AUDIT_USER]', '2025-01-01 00:00:00', '[AUDIT_USER]');
insert into [DBSCHEMA].msg_table (msg_lang, msg_clsf, msg_cd, msg_nm, msg_cn, msg_user_dfn_vl1, msg_user_dfn_vl2, msg_user_dfn_vl3, msg_user_dfn_vl4, use_yn, reg_dt, rgtr_id, mdfcn_dt, mdfr_id) values('en', 'FIELD', 'drftEndYmd', 'DRFT END YMD', 'DRFT END YMD', '', '', '', '', 'Y', '2025-01-01 00:00:00', '[AUDIT_USER]', '2025-01-01 00:00:00', '[AUDIT_USER]');
insert into [DBSCHEMA].msg_table (msg_lang, msg_clsf, msg_cd, msg_nm, msg_cn, msg_user_dfn_vl1, msg_user_dfn_vl2, msg_user_dfn_vl3, msg_user_dfn_vl4, use_yn, reg_dt, rgtr_id, mdfcn_dt, mdfr_id) values('ko', 'FIELD', 'drftEndYmd', '기안 종료 일자', '기안 종료 일자', '', '', '', '', 'Y', '2025-01-01 00:00:00', '[AUDIT_USER]', '2025-01-01 00:00:00', '[AUDIT_USER]');
insert into [DBSCHEMA].msg_table (msg_lang, msg_clsf, msg_cd, msg_nm, msg_cn, msg_user_dfn_vl1, msg_user_dfn_vl2, msg_user_dfn_vl3, msg_user_dfn_vl4, use_yn, reg_dt, rgtr_id, mdfcn_dt, mdfr_id) values('en', 'FIELD', 'drftrId', 'DRFTR ID', 'DRFTR ID', '', '', '', '', 'Y', '2025-01-01 00:00:00', '[AUDIT_USER]', '2025-01-01 00:00:00', '[AUDIT_USER]');
insert into [DBSCHEMA].msg_table (msg_lang, msg_clsf, msg_cd, msg_nm, msg_cn, msg_user_dfn_vl1, msg_user_dfn_vl2, msg_user_dfn_vl3, msg_user_dfn_vl4, use_yn, reg_dt, rgtr_id, mdfcn_dt, mdfr_id) values('ko', 'FIELD', 'drftrId', '기안자 아이디', '기안자 아이디', '', '', '', '', 'Y', '2025-01-01 00:00:00', '[AUDIT_USER]', '2025-01-01 00:00:00', '[AUDIT_USER]');
insert into [DBSCHEMA].msg_table (msg_lang, msg_clsf, msg_cd, msg_nm, msg_cn, msg_user_dfn_vl1, msg_user_dfn_vl2, msg_user_dfn_vl3, msg_user_dfn_vl4, use_yn, reg_dt, rgtr_id, mdfcn_dt, mdfr_id) values('en', 'FIELD', 'drftYmd', 'DRFT YMD', 'DRFT YMD', '', '', '', '', 'Y', '2025-01-01 00:00:00', '[AUDIT_USER]', '2025-01-01 00:00:00', '[AUDIT_USER]');
insert into [DBSCHEMA].msg_table (msg_lang, msg_clsf, msg_cd, msg_nm, msg_cn, msg_user_dfn_vl1, msg_user_dfn_vl2, msg_user_dfn_vl3, msg_user_dfn_vl4, use_yn, reg_dt, rgtr_id, mdfcn_dt, mdfr_id) values('ko', 'FIELD', 'drftYmd', '기안 일자', '기안 일자', '', '', '', '', 'Y', '2025-01-01 00:00:00', '[AUDIT_USER]', '2025-01-01 00:00:00', '[AUDIT_USER]');
insert into [DBSCHEMA].msg_table (msg_lang, msg_clsf, msg_cd, msg_nm, msg_cn, msg_user_dfn_vl1, msg_user_dfn_vl2, msg_user_dfn_vl3, msg_user_dfn_vl4, use_yn, reg_dt, rgtr_id, mdfcn_dt, mdfr_id) values('en', 'FIELD', 'mdfrId ', 'MDFR ID', 'MDFR ID', '', '', '', '', 'Y', '2025-01-01 00:00:00', '[AUDIT_USER]', '2025-01-01 00:00:00', '[AUDIT_USER]');
insert into [DBSCHEMA].msg_table (msg_lang, msg_clsf, msg_cd, msg_nm, msg_cn, msg_user_dfn_vl1, msg_user_dfn_vl2, msg_user_dfn_vl3, msg_user_dfn_vl4, use_yn, reg_dt, rgtr_id, mdfcn_dt, mdfr_id) values('ko', 'FIELD', 'mdfrId ', '수정자 ID', '수정자 ID', '', '', '', '', 'Y', '2025-01-01 00:00:00', '[AUDIT_USER]', '2025-01-01 00:00:00', '[AUDIT_USER]');
insert into [DBSCHEMA].msg_table (msg_lang, msg_clsf, msg_cd, msg_nm, msg_cn, msg_user_dfn_vl1, msg_user_dfn_vl2, msg_user_dfn_vl3, msg_user_dfn_vl4, use_yn, reg_dt, rgtr_id, mdfcn_dt, mdfr_id) values('en', 'FIELD', 'menuBgngYmd', 'MENU BGNG YMD', 'MENU BGNG YMD', '', '', '', '', 'Y', '2025-01-01 00:00:00', '[AUDIT_USER]', '2025-01-01 00:00:00', '[AUDIT_USER]');
insert into [DBSCHEMA].msg_table (msg_lang, msg_clsf, msg_cd, msg_nm, msg_cn, msg_user_dfn_vl1, msg_user_dfn_vl2, msg_user_dfn_vl3, msg_user_dfn_vl4, use_yn, reg_dt, rgtr_id, mdfcn_dt, mdfr_id) values('ko', 'FIELD', 'menuBgngYmd', '메뉴 시작 일자', '메뉴 시작 일자', '', '', '', '', 'Y', '2025-01-01 00:00:00', '[AUDIT_USER]', '2025-01-01 00:00:00', '[AUDIT_USER]');
insert into [DBSCHEMA].msg_table (msg_lang, msg_clsf, msg_cd, msg_nm, msg_cn, msg_user_dfn_vl1, msg_user_dfn_vl2, msg_user_dfn_vl3, msg_user_dfn_vl4, use_yn, reg_dt, rgtr_id, mdfcn_dt, mdfr_id) values('en', 'FIELD', 'menuDpth', 'MENU DPTH', 'MENU DPTH', '', '', '', '', 'Y', '2025-01-01 00:00:00', '[AUDIT_USER]', '2025-01-01 00:00:00', '[AUDIT_USER]');
insert into [DBSCHEMA].msg_table (msg_lang, msg_clsf, msg_cd, msg_nm, msg_cn, msg_user_dfn_vl1, msg_user_dfn_vl2, msg_user_dfn_vl3, msg_user_dfn_vl4, use_yn, reg_dt, rgtr_id, mdfcn_dt, mdfr_id) values('ko', 'FIELD', 'menuDpth', '메뉴 깊이', '메뉴 깊이', '', '', '', '', 'Y', '2025-01-01 00:00:00', '[AUDIT_USER]', '2025-01-01 00:00:00', '[AUDIT_USER]');
insert into [DBSCHEMA].msg_table (msg_lang, msg_clsf, msg_cd, msg_nm, msg_cn, msg_user_dfn_vl1, msg_user_dfn_vl2, msg_user_dfn_vl3, msg_user_dfn_vl4, use_yn, reg_dt, rgtr_id, mdfcn_dt, mdfr_id) values('en', 'FIELD', 'menuEndYmd', 'MENU END YMD', 'MENU END YMD', '', '', '', '', 'Y', '2025-01-01 00:00:00', '[AUDIT_USER]', '2025-01-01 00:00:00', '[AUDIT_USER]');
insert into [DBSCHEMA].msg_table (msg_lang, msg_clsf, msg_cd, msg_nm, msg_cn, msg_user_dfn_vl1, msg_user_dfn_vl2, msg_user_dfn_vl3, msg_user_dfn_vl4, use_yn, reg_dt, rgtr_id, mdfcn_dt, mdfr_id) values('ko', 'FIELD', 'menuEndYmd', '메뉴 종료 일자', '메뉴 종료 일자', '', '', '', '', 'Y', '2025-01-01 00:00:00', '[AUDIT_USER]', '2025-01-01 00:00:00', '[AUDIT_USER]');
insert into [DBSCHEMA].msg_table (msg_lang, msg_clsf, msg_cd, msg_nm, msg_cn, msg_user_dfn_vl1, msg_user_dfn_vl2, msg_user_dfn_vl3, msg_user_dfn_vl4, use_yn, reg_dt, rgtr_id, mdfcn_dt, mdfr_id) values('en', 'FIELD', 'menuExpln', 'MENU EXPLN', 'MENU EXPLN', '', '', '', '', 'Y', '2025-01-01 00:00:00', '[AUDIT_USER]', '2025-01-01 00:00:00', '[AUDIT_USER]');
insert into [DBSCHEMA].msg_table (msg_lang, msg_clsf, msg_cd, msg_nm, msg_cn, msg_user_dfn_vl1, msg_user_dfn_vl2, msg_user_dfn_vl3, msg_user_dfn_vl4, use_yn, reg_dt, rgtr_id, mdfcn_dt, mdfr_id) values('ko', 'FIELD', 'menuExpln', '메뉴 설명', '메뉴 설명', '', '', '', '', 'Y', '2025-01-01 00:00:00', '[AUDIT_USER]', '2025-01-01 00:00:00', '[AUDIT_USER]');
insert into [DBSCHEMA].msg_table (msg_lang, msg_clsf, msg_cd, msg_nm, msg_cn, msg_user_dfn_vl1, msg_user_dfn_vl2, msg_user_dfn_vl3, msg_user_dfn_vl4, use_yn, reg_dt, rgtr_id, mdfcn_dt, mdfr_id) values('en', 'FIELD', 'menuId', 'MENU ID', 'MENU ID', '', '', '', '', 'Y', '2025-01-01 00:00:00', '[AUDIT_USER]', '2025-01-01 00:00:00', '[AUDIT_USER]');
insert into [DBSCHEMA].msg_table (msg_lang, msg_clsf, msg_cd, msg_nm, msg_cn, msg_user_dfn_vl1, msg_user_dfn_vl2, msg_user_dfn_vl3, msg_user_dfn_vl4, use_yn, reg_dt, rgtr_id, mdfcn_dt, mdfr_id) values('ko', 'FIELD', 'menuId', '메뉴 ID', '메뉴 ID', '', '', '', '', 'Y', '2025-01-01 00:00:00', '[AUDIT_USER]', '2025-01-01 00:00:00', '[AUDIT_USER]');
insert into [DBSCHEMA].msg_table (msg_lang, msg_clsf, msg_cd, msg_nm, msg_cn, msg_user_dfn_vl1, msg_user_dfn_vl2, msg_user_dfn_vl3, msg_user_dfn_vl4, use_yn, reg_dt, rgtr_id, mdfcn_dt, mdfr_id) values('en', 'FIELD', 'menuNm', 'MENU NM', 'MENU NM', '', '', '', '', 'Y', '2025-01-01 00:00:00', '[AUDIT_USER]', '2025-01-01 00:00:00', '[AUDIT_USER]');
insert into [DBSCHEMA].msg_table (msg_lang, msg_clsf, msg_cd, msg_nm, msg_cn, msg_user_dfn_vl1, msg_user_dfn_vl2, msg_user_dfn_vl3, msg_user_dfn_vl4, use_yn, reg_dt, rgtr_id, mdfcn_dt, mdfr_id) values('ko', 'FIELD', 'menuNm', '메뉴 명', '메뉴 명', '', '', '', '', 'Y', '2025-01-01 00:00:00', '[AUDIT_USER]', '2025-01-01 00:00:00', '[AUDIT_USER]');
insert into [DBSCHEMA].msg_table (msg_lang, msg_clsf, msg_cd, msg_nm, msg_cn, msg_user_dfn_vl1, msg_user_dfn_vl2, msg_user_dfn_vl3, msg_user_dfn_vl4, use_yn, reg_dt, rgtr_id, mdfcn_dt, mdfr_id) values('en', 'FIELD', 'menuSn', 'MENU SN', 'MENU SN', '', '', '', '', 'Y', '2025-01-01 00:00:00', '[AUDIT_USER]', '2025-01-01 00:00:00', '[AUDIT_USER]');
insert into [DBSCHEMA].msg_table (msg_lang, msg_clsf, msg_cd, msg_nm, msg_cn, msg_user_dfn_vl1, msg_user_dfn_vl2, msg_user_dfn_vl3, msg_user_dfn_vl4, use_yn, reg_dt, rgtr_id, mdfcn_dt, mdfr_id) values('ko', 'FIELD', 'menuSn', '메뉴 순번', '메뉴 순번', '', '', '', '', 'Y', '2025-01-01 00:00:00', '[AUDIT_USER]', '2025-01-01 00:00:00', '[AUDIT_USER]');
insert into [DBSCHEMA].msg_table (msg_lang, msg_clsf, msg_cd, msg_nm, msg_cn, msg_user_dfn_vl1, msg_user_dfn_vl2, msg_user_dfn_vl3, msg_user_dfn_vl4, use_yn, reg_dt, rgtr_id, mdfcn_dt, mdfr_id) values('en', 'FIELD', 'menuUrl', 'MENU URL', 'MENU URL', '', '', '', '', 'Y', '2025-01-01 00:00:00', '[AUDIT_USER]', '2025-01-01 00:00:00', '[AUDIT_USER]');
insert into [DBSCHEMA].msg_table (msg_lang, msg_clsf, msg_cd, msg_nm, msg_cn, msg_user_dfn_vl1, msg_user_dfn_vl2, msg_user_dfn_vl3, msg_user_dfn_vl4, use_yn, reg_dt, rgtr_id, mdfcn_dt, mdfr_id) values('ko', 'FIELD', 'menuUrl', '메뉴 URL', '메뉴 URL', '', '', '', '', 'Y', '2025-01-01 00:00:00', '[AUDIT_USER]', '2025-01-01 00:00:00', '[AUDIT_USER]');
insert into [DBSCHEMA].msg_table (msg_lang, msg_clsf, msg_cd, msg_nm, msg_cn, msg_user_dfn_vl1, msg_user_dfn_vl2, msg_user_dfn_vl3, msg_user_dfn_vl4, use_yn, reg_dt, rgtr_id, mdfcn_dt, mdfr_id) values('en', 'FIELD', 'menuUserDfnVl', 'MENU USER DFN VL', 'MENU USER DFN VL', '', '', '', '', 'Y', '2025-01-01 00:00:00', '[AUDIT_USER]', '2025-01-01 00:00:00', '[AUDIT_USER]');
insert into [DBSCHEMA].msg_table (msg_lang, msg_clsf, msg_cd, msg_nm, msg_cn, msg_user_dfn_vl1, msg_user_dfn_vl2, msg_user_dfn_vl3, msg_user_dfn_vl4, use_yn, reg_dt, rgtr_id, mdfcn_dt, mdfr_id) values('ko', 'FIELD', 'menuUserDfnVl', '메뉴 사용자정의 값', '메뉴 사용자정의 값', '', '', '', '', 'Y', '2025-01-01 00:00:00', '[AUDIT_USER]', '2025-01-01 00:00:00', '[AUDIT_USER]');
insert into [DBSCHEMA].msg_table (msg_lang, msg_clsf, msg_cd, msg_nm, msg_cn, msg_user_dfn_vl1, msg_user_dfn_vl2, msg_user_dfn_vl3, msg_user_dfn_vl4, use_yn, reg_dt, rgtr_id, mdfcn_dt, mdfr_id) values('en', 'FIELD', 'msgCd', 'MSG CD', 'MSG CD', '', '', '', '', 'Y', '2025-01-01 00:00:00', '[AUDIT_USER]', '2025-01-01 00:00:00', '[AUDIT_USER]');
insert into [DBSCHEMA].msg_table (msg_lang, msg_clsf, msg_cd, msg_nm, msg_cn, msg_user_dfn_vl1, msg_user_dfn_vl2, msg_user_dfn_vl3, msg_user_dfn_vl4, use_yn, reg_dt, rgtr_id, mdfcn_dt, mdfr_id) values('ko', 'FIELD', 'msgCd', '메세지 코드', '메세지 코드', '', '', '', '', 'Y', '2025-01-01 00:00:00', '[AUDIT_USER]', '2025-01-01 00:00:00', '[AUDIT_USER]');
insert into [DBSCHEMA].msg_table (msg_lang, msg_clsf, msg_cd, msg_nm, msg_cn, msg_user_dfn_vl1, msg_user_dfn_vl2, msg_user_dfn_vl3, msg_user_dfn_vl4, use_yn, reg_dt, rgtr_id, mdfcn_dt, mdfr_id) values('en', 'FIELD', 'msgClsf', 'MSG CLSF', 'MSG CLSF', '', '', '', '', 'Y', '2025-01-01 00:00:00', '[AUDIT_USER]', '2025-01-01 00:00:00', '[AUDIT_USER]');
insert into [DBSCHEMA].msg_table (msg_lang, msg_clsf, msg_cd, msg_nm, msg_cn, msg_user_dfn_vl1, msg_user_dfn_vl2, msg_user_dfn_vl3, msg_user_dfn_vl4, use_yn, reg_dt, rgtr_id, mdfcn_dt, mdfr_id) values('ko', 'FIELD', 'msgClsf', '메세지 분류', '메세지 분류', '', '', '', '', 'Y', '2025-01-01 00:00:00', '[AUDIT_USER]', '2025-01-01 00:00:00', '[AUDIT_USER]');
insert into [DBSCHEMA].msg_table (msg_lang, msg_clsf, msg_cd, msg_nm, msg_cn, msg_user_dfn_vl1, msg_user_dfn_vl2, msg_user_dfn_vl3, msg_user_dfn_vl4, use_yn, reg_dt, rgtr_id, mdfcn_dt, mdfr_id) values('en', 'FIELD', 'msgCn', 'MSG CD', 'MSG CD', '', '', '', '', 'Y', '2025-01-01 00:00:00', '[AUDIT_USER]', '2025-01-01 00:00:00', '[AUDIT_USER]');
insert into [DBSCHEMA].msg_table (msg_lang, msg_clsf, msg_cd, msg_nm, msg_cn, msg_user_dfn_vl1, msg_user_dfn_vl2, msg_user_dfn_vl3, msg_user_dfn_vl4, use_yn, reg_dt, rgtr_id, mdfcn_dt, mdfr_id) values('ko', 'FIELD', 'msgCn', '메세지 내용', '메세지 내용', '', '', '', '', 'Y', '2025-01-01 00:00:00', '[AUDIT_USER]', '2025-01-01 00:00:00', '[AUDIT_USER]');
insert into [DBSCHEMA].msg_table (msg_lang, msg_clsf, msg_cd, msg_nm, msg_cn, msg_user_dfn_vl1, msg_user_dfn_vl2, msg_user_dfn_vl3, msg_user_dfn_vl4, use_yn, reg_dt, rgtr_id, mdfcn_dt, mdfr_id) values('en', 'FIELD', 'msgLang', 'MSG LANG', 'MSG LANG', '', '', '', '', 'Y', '2025-01-01 00:00:00', '[AUDIT_USER]', '2025-01-01 00:00:00', '[AUDIT_USER]');
insert into [DBSCHEMA].msg_table (msg_lang, msg_clsf, msg_cd, msg_nm, msg_cn, msg_user_dfn_vl1, msg_user_dfn_vl2, msg_user_dfn_vl3, msg_user_dfn_vl4, use_yn, reg_dt, rgtr_id, mdfcn_dt, mdfr_id) values('ko', 'FIELD', 'msgLang', '메세지 언어', '메세지 언어', '', '', '', '', 'Y', '2025-01-01 00:00:00', '[AUDIT_USER]', '2025-01-01 00:00:00', '[AUDIT_USER]');
insert into [DBSCHEMA].msg_table (msg_lang, msg_clsf, msg_cd, msg_nm, msg_cn, msg_user_dfn_vl1, msg_user_dfn_vl2, msg_user_dfn_vl3, msg_user_dfn_vl4, use_yn, reg_dt, rgtr_id, mdfcn_dt, mdfr_id) values('en', 'FIELD', 'msgNm', 'MSG NM', 'MSG NM', '', '', '', '', 'Y', '2025-01-01 00:00:00', '[AUDIT_USER]', '2025-01-01 00:00:00', '[AUDIT_USER]');
insert into [DBSCHEMA].msg_table (msg_lang, msg_clsf, msg_cd, msg_nm, msg_cn, msg_user_dfn_vl1, msg_user_dfn_vl2, msg_user_dfn_vl3, msg_user_dfn_vl4, use_yn, reg_dt, rgtr_id, mdfcn_dt, mdfr_id) values('ko', 'FIELD', 'msgNm', '메세지 명', '메세지 명', '', '', '', '', 'Y', '2025-01-01 00:00:00', '[AUDIT_USER]', '2025-01-01 00:00:00', '[AUDIT_USER]');
insert into [DBSCHEMA].msg_table (msg_lang, msg_clsf, msg_cd, msg_nm, msg_cn, msg_user_dfn_vl1, msg_user_dfn_vl2, msg_user_dfn_vl3, msg_user_dfn_vl4, use_yn, reg_dt, rgtr_id, mdfcn_dt, mdfr_id) values('en', 'FIELD', 'msgUserDfnVl1', 'MSG USER DFN VL1', 'MSG USER DFN VL1', '', '', '', '', 'Y', '2025-01-01 00:00:00', '[AUDIT_USER]', '2025-01-01 00:00:00', '[AUDIT_USER]');
insert into [DBSCHEMA].msg_table (msg_lang, msg_clsf, msg_cd, msg_nm, msg_cn, msg_user_dfn_vl1, msg_user_dfn_vl2, msg_user_dfn_vl3, msg_user_dfn_vl4, use_yn, reg_dt, rgtr_id, mdfcn_dt, mdfr_id) values('ko', 'FIELD', 'msgUserDfnVl1', '메세지 사용자정의 값1', '메세지 사용자정의 값1', '', '', '', '', 'Y', '2025-01-01 00:00:00', '[AUDIT_USER]', '2025-01-01 00:00:00', '[AUDIT_USER]');
insert into [DBSCHEMA].msg_table (msg_lang, msg_clsf, msg_cd, msg_nm, msg_cn, msg_user_dfn_vl1, msg_user_dfn_vl2, msg_user_dfn_vl3, msg_user_dfn_vl4, use_yn, reg_dt, rgtr_id, mdfcn_dt, mdfr_id) values('en', 'FIELD', 'msgUserDfnVl2', 'MSG USER DFN VL2', 'MSG USER DFN VL2', '', '', '', '', 'Y', '2025-01-01 00:00:00', '[AUDIT_USER]', '2025-01-01 00:00:00', '[AUDIT_USER]');
insert into [DBSCHEMA].msg_table (msg_lang, msg_clsf, msg_cd, msg_nm, msg_cn, msg_user_dfn_vl1, msg_user_dfn_vl2, msg_user_dfn_vl3, msg_user_dfn_vl4, use_yn, reg_dt, rgtr_id, mdfcn_dt, mdfr_id) values('ko', 'FIELD', 'msgUserDfnVl2', '메세지 사용자정의 값2', '메세지 사용자정의 값2', '', '', '', '', 'Y', '2025-01-01 00:00:00', '[AUDIT_USER]', '2025-01-01 00:00:00', '[AUDIT_USER]');
insert into [DBSCHEMA].msg_table (msg_lang, msg_clsf, msg_cd, msg_nm, msg_cn, msg_user_dfn_vl1, msg_user_dfn_vl2, msg_user_dfn_vl3, msg_user_dfn_vl4, use_yn, reg_dt, rgtr_id, mdfcn_dt, mdfr_id) values('en', 'FIELD', 'msgUserDfnVl3', 'MSG USER DFN VL3', 'MSG USER DFN VL3', '', '', '', '', 'Y', '2025-01-01 00:00:00', '[AUDIT_USER]', '2025-01-01 00:00:00', '[AUDIT_USER]');
insert into [DBSCHEMA].msg_table (msg_lang, msg_clsf, msg_cd, msg_nm, msg_cn, msg_user_dfn_vl1, msg_user_dfn_vl2, msg_user_dfn_vl3, msg_user_dfn_vl4, use_yn, reg_dt, rgtr_id, mdfcn_dt, mdfr_id) values('ko', 'FIELD', 'msgUserDfnVl3', '메세지 사용자정의 값3', '메세지 사용자정의 값3', '', '', '', '', 'Y', '2025-01-01 00:00:00', '[AUDIT_USER]', '2025-01-01 00:00:00', '[AUDIT_USER]');
insert into [DBSCHEMA].msg_table (msg_lang, msg_clsf, msg_cd, msg_nm, msg_cn, msg_user_dfn_vl1, msg_user_dfn_vl2, msg_user_dfn_vl3, msg_user_dfn_vl4, use_yn, reg_dt, rgtr_id, mdfcn_dt, mdfr_id) values('en', 'FIELD', 'msgUserDfnVl4', 'MSG USER DFN VL4', 'MSG USER DFN VL4', '', '', '', '', 'Y', '2025-01-01 00:00:00', '[AUDIT_USER]', '2025-01-01 00:00:00', '[AUDIT_USER]');
insert into [DBSCHEMA].msg_table (msg_lang, msg_clsf, msg_cd, msg_nm, msg_cn, msg_user_dfn_vl1, msg_user_dfn_vl2, msg_user_dfn_vl3, msg_user_dfn_vl4, use_yn, reg_dt, rgtr_id, mdfcn_dt, mdfr_id) values('ko', 'FIELD', 'msgUserDfnVl4', '메세지 사용자정의 값4', '메세지 사용자정의 값4', '', '', '', '', 'Y', '2025-01-01 00:00:00', '[AUDIT_USER]', '2025-01-01 00:00:00', '[AUDIT_USER]');
insert into [DBSCHEMA].msg_table (msg_lang, msg_clsf, msg_cd, msg_nm, msg_cn, msg_user_dfn_vl1, msg_user_dfn_vl2, msg_user_dfn_vl3, msg_user_dfn_vl4, use_yn, reg_dt, rgtr_id, mdfcn_dt, mdfr_id) values('en', 'FIELD', 'mthdList', 'MTHD LIST', 'MTHD LIST', '', '', '', '', 'Y', '2025-01-01 00:00:00', '[AUDIT_USER]', '2025-01-01 00:00:00', '[AUDIT_USER]');
insert into [DBSCHEMA].msg_table (msg_lang, msg_clsf, msg_cd, msg_nm, msg_cn, msg_user_dfn_vl1, msg_user_dfn_vl2, msg_user_dfn_vl3, msg_user_dfn_vl4, use_yn, reg_dt, rgtr_id, mdfcn_dt, mdfr_id) values('ko', 'FIELD', 'mthdList', '메소드 리스트', '메소드 리스트', '', '', '', '', 'Y', '2025-01-01 00:00:00', '[AUDIT_USER]', '2025-01-01 00:00:00', '[AUDIT_USER]');
insert into [DBSCHEMA].msg_table (msg_lang, msg_clsf, msg_cd, msg_nm, msg_cn, msg_user_dfn_vl1, msg_user_dfn_vl2, msg_user_dfn_vl3, msg_user_dfn_vl4, use_yn, reg_dt, rgtr_id, mdfcn_dt, mdfr_id) values('en', 'FIELD', 'rgtrId ', 'RGTR ID', 'RGTR ID', '', '', '', '', 'Y', '2025-01-01 00:00:00', '[AUDIT_USER]', '2025-01-01 00:00:00', '[AUDIT_USER]');
insert into [DBSCHEMA].msg_table (msg_lang, msg_clsf, msg_cd, msg_nm, msg_cn, msg_user_dfn_vl1, msg_user_dfn_vl2, msg_user_dfn_vl3, msg_user_dfn_vl4, use_yn, reg_dt, rgtr_id, mdfcn_dt, mdfr_id) values('ko', 'FIELD', 'rgtrId ', '등록자 ID', '등록자 ID', '', '', '', '', 'Y', '2025-01-01 00:00:00', '[AUDIT_USER]', '2025-01-01 00:00:00', '[AUDIT_USER]');
insert into [DBSCHEMA].msg_table (msg_lang, msg_clsf, msg_cd, msg_nm, msg_cn, msg_user_dfn_vl1, msg_user_dfn_vl2, msg_user_dfn_vl3, msg_user_dfn_vl4, use_yn, reg_dt, rgtr_id, mdfcn_dt, mdfr_id) values('en', 'FIELD', 'schdlBgngDt', 'SCHDL BGNG DT', 'SCHDL BGNG DT', '', '', '', '', 'Y', '2025-01-01 00:00:00', '[AUDIT_USER]', '2025-01-01 00:00:00', '[AUDIT_USER]');
insert into [DBSCHEMA].msg_table (msg_lang, msg_clsf, msg_cd, msg_nm, msg_cn, msg_user_dfn_vl1, msg_user_dfn_vl2, msg_user_dfn_vl3, msg_user_dfn_vl4, use_yn, reg_dt, rgtr_id, mdfcn_dt, mdfr_id) values('ko', 'FIELD', 'schdlBgngDt', '일정 시작 일시', '일정 시작 일시', '', '', '', '', 'Y', '2025-01-01 00:00:00', '[AUDIT_USER]', '2025-01-01 00:00:00', '[AUDIT_USER]');
insert into [DBSCHEMA].msg_table (msg_lang, msg_clsf, msg_cd, msg_nm, msg_cn, msg_user_dfn_vl1, msg_user_dfn_vl2, msg_user_dfn_vl3, msg_user_dfn_vl4, use_yn, reg_dt, rgtr_id, mdfcn_dt, mdfr_id) values('en', 'FIELD', 'schdlCd', 'SCHDL SE CD', 'SCHDL SE CD', '', '', '', '', 'Y', '2025-01-01 00:00:00', '[AUDIT_USER]', '2025-01-01 00:00:00', '[AUDIT_USER]');
insert into [DBSCHEMA].msg_table (msg_lang, msg_clsf, msg_cd, msg_nm, msg_cn, msg_user_dfn_vl1, msg_user_dfn_vl2, msg_user_dfn_vl3, msg_user_dfn_vl4, use_yn, reg_dt, rgtr_id, mdfcn_dt, mdfr_id) values('ko', 'FIELD', 'schdlCd', '일정 구분 코드', '일정 구분 코드', '', '', '', '', 'Y', '2025-01-01 00:00:00', '[AUDIT_USER]', '2025-01-01 00:00:00', '[AUDIT_USER]');
insert into [DBSCHEMA].msg_table (msg_lang, msg_clsf, msg_cd, msg_nm, msg_cn, msg_user_dfn_vl1, msg_user_dfn_vl2, msg_user_dfn_vl3, msg_user_dfn_vl4, use_yn, reg_dt, rgtr_id, mdfcn_dt, mdfr_id) values('en', 'FIELD', 'schdlEndDt', 'SCHDL END DT', 'SCHDL END DT', '', '', '', '', 'Y', '2025-01-01 00:00:00', '[AUDIT_USER]', '2025-01-01 00:00:00', '[AUDIT_USER]');
insert into [DBSCHEMA].msg_table (msg_lang, msg_clsf, msg_cd, msg_nm, msg_cn, msg_user_dfn_vl1, msg_user_dfn_vl2, msg_user_dfn_vl3, msg_user_dfn_vl4, use_yn, reg_dt, rgtr_id, mdfcn_dt, mdfr_id) values('ko', 'FIELD', 'schdlEndDt', '일정 종료 일시', '일정 종료 일시', '', '', '', '', 'Y', '2025-01-01 00:00:00', '[AUDIT_USER]', '2025-01-01 00:00:00', '[AUDIT_USER]');
insert into [DBSCHEMA].msg_table (msg_lang, msg_clsf, msg_cd, msg_nm, msg_cn, msg_user_dfn_vl1, msg_user_dfn_vl2, msg_user_dfn_vl3, msg_user_dfn_vl4, use_yn, reg_dt, rgtr_id, mdfcn_dt, mdfr_id) values('en', 'FIELD', 'schdlUserId', 'SCHDL USER ID', 'SCHDL USER ID', '', '', '', '', 'Y', '2025-01-01 00:00:00', '[AUDIT_USER]', '2025-01-01 00:00:00', '[AUDIT_USER]');
insert into [DBSCHEMA].msg_table (msg_lang, msg_clsf, msg_cd, msg_nm, msg_cn, msg_user_dfn_vl1, msg_user_dfn_vl2, msg_user_dfn_vl3, msg_user_dfn_vl4, use_yn, reg_dt, rgtr_id, mdfcn_dt, mdfr_id) values('ko', 'FIELD', 'schdlUserId', '일정 사용자 ID', '일정 사용자 ID', '', '', '', '', 'Y', '2025-01-01 00:00:00', '[AUDIT_USER]', '2025-01-01 00:00:00', '[AUDIT_USER]');
insert into [DBSCHEMA].msg_table (msg_lang, msg_clsf, msg_cd, msg_nm, msg_cn, msg_user_dfn_vl1, msg_user_dfn_vl2, msg_user_dfn_vl3, msg_user_dfn_vl4, use_yn, reg_dt, rgtr_id, mdfcn_dt, mdfr_id) values('en', 'FIELD', 'upMenuId', 'UP MENU ID', 'UP MENU ID', '', '', '', '', 'Y', '2025-01-01 00:00:00', '[AUDIT_USER]', '2025-01-01 00:00:00', '[AUDIT_USER]');
insert into [DBSCHEMA].msg_table (msg_lang, msg_clsf, msg_cd, msg_nm, msg_cn, msg_user_dfn_vl1, msg_user_dfn_vl2, msg_user_dfn_vl3, msg_user_dfn_vl4, use_yn, reg_dt, rgtr_id, mdfcn_dt, mdfr_id) values('ko', 'FIELD', 'upMenuId', '상위 메뉴 ID', '상위 메뉴 ID', '', '', '', '', 'Y', '2025-01-01 00:00:00', '[AUDIT_USER]', '2025-01-01 00:00:00', '[AUDIT_USER]');
insert into [DBSCHEMA].msg_table (msg_lang, msg_clsf, msg_cd, msg_nm, msg_cn, msg_user_dfn_vl1, msg_user_dfn_vl2, msg_user_dfn_vl3, msg_user_dfn_vl4, use_yn, reg_dt, rgtr_id, mdfcn_dt, mdfr_id) values('en', 'FIELD', 'userAddr', 'USER ADDR', 'USER ADDR', '', '', '', '', 'Y', '2025-01-01 00:00:00', '[AUDIT_USER]', '2025-01-01 00:00:00', '[AUDIT_USER]');
insert into [DBSCHEMA].msg_table (msg_lang, msg_clsf, msg_cd, msg_nm, msg_cn, msg_user_dfn_vl1, msg_user_dfn_vl2, msg_user_dfn_vl3, msg_user_dfn_vl4, use_yn, reg_dt, rgtr_id, mdfcn_dt, mdfr_id) values('ko', 'FIELD', 'userAddr', '사용자 주소', '사용자 주소', '', '', '', '', 'Y', '2025-01-01 00:00:00', '[AUDIT_USER]', '2025-01-01 00:00:00', '[AUDIT_USER]');
insert into [DBSCHEMA].msg_table (msg_lang, msg_clsf, msg_cd, msg_nm, msg_cn, msg_user_dfn_vl1, msg_user_dfn_vl2, msg_user_dfn_vl3, msg_user_dfn_vl4, use_yn, reg_dt, rgtr_id, mdfcn_dt, mdfr_id) values('en', 'FIELD', 'userAtdcId', 'USER ATDC ID', 'USER ATDC ID', '', '', '', '', 'Y', '2025-01-01 00:00:00', '[AUDIT_USER]', '2025-01-01 00:00:00', '[AUDIT_USER]');
insert into [DBSCHEMA].msg_table (msg_lang, msg_clsf, msg_cd, msg_nm, msg_cn, msg_user_dfn_vl1, msg_user_dfn_vl2, msg_user_dfn_vl3, msg_user_dfn_vl4, use_yn, reg_dt, rgtr_id, mdfcn_dt, mdfr_id) values('ko', 'FIELD', 'userAtdcId', '사용자 근태 ID(CAPS ID)', '사용자 근태 ID(CAPS ID)', '', '', '', '', 'Y', '2025-01-01 00:00:00', '[AUDIT_USER]', '2025-01-01 00:00:00', '[AUDIT_USER]');
insert into [DBSCHEMA].msg_table (msg_lang, msg_clsf, msg_cd, msg_nm, msg_cn, msg_user_dfn_vl1, msg_user_dfn_vl2, msg_user_dfn_vl3, msg_user_dfn_vl4, use_yn, reg_dt, rgtr_id, mdfcn_dt, mdfr_id) values('en', 'FIELD', 'userAuthrtSeCd', 'USER AUTHRT SE CD', 'USER AUTHRT SE CD', '', '', '', '', 'Y', '2025-01-01 00:00:00', '[AUDIT_USER]', '2025-01-01 00:00:00', '[AUDIT_USER]');
insert into [DBSCHEMA].msg_table (msg_lang, msg_clsf, msg_cd, msg_nm, msg_cn, msg_user_dfn_vl1, msg_user_dfn_vl2, msg_user_dfn_vl3, msg_user_dfn_vl4, use_yn, reg_dt, rgtr_id, mdfcn_dt, mdfr_id) values('ko', 'FIELD', 'userAuthrtSeCd', '사용자 권한 구분 코드', '사용자 권한 구분 코드', '', '', '', '', 'Y', '2025-01-01 00:00:00', '[AUDIT_USER]', '2025-01-01 00:00:00', '[AUDIT_USER]');
insert into [DBSCHEMA].msg_table (msg_lang, msg_clsf, msg_cd, msg_nm, msg_cn, msg_user_dfn_vl1, msg_user_dfn_vl2, msg_user_dfn_vl3, msg_user_dfn_vl4, use_yn, reg_dt, rgtr_id, mdfcn_dt, mdfr_id) values('en', 'FIELD', 'userBrthYmd', 'USER BRTH YMD', 'USER BRTH YMD', '', '', '', '', 'Y', '2025-01-01 00:00:00', '[AUDIT_USER]', '2025-01-01 00:00:00', '[AUDIT_USER]');
insert into [DBSCHEMA].msg_table (msg_lang, msg_clsf, msg_cd, msg_nm, msg_cn, msg_user_dfn_vl1, msg_user_dfn_vl2, msg_user_dfn_vl3, msg_user_dfn_vl4, use_yn, reg_dt, rgtr_id, mdfcn_dt, mdfr_id) values('ko', 'FIELD', 'userBrthYmd', '사용자 출생 일자', '사용자 출생 일자', '', '', '', '', 'Y', '2025-01-01 00:00:00', '[AUDIT_USER]', '2025-01-01 00:00:00', '[AUDIT_USER]');
insert into [DBSCHEMA].msg_table (msg_lang, msg_clsf, msg_cd, msg_nm, msg_cn, msg_user_dfn_vl1, msg_user_dfn_vl2, msg_user_dfn_vl3, msg_user_dfn_vl4, use_yn, reg_dt, rgtr_id, mdfcn_dt, mdfr_id) values('en', 'FIELD', 'userDeptSeCd', 'USER DEPT SE CD', 'USER DEPT SE CD', '', '', '', '', 'Y', '2025-01-01 00:00:00', '[AUDIT_USER]', '2025-01-01 00:00:00', '[AUDIT_USER]');
insert into [DBSCHEMA].msg_table (msg_lang, msg_clsf, msg_cd, msg_nm, msg_cn, msg_user_dfn_vl1, msg_user_dfn_vl2, msg_user_dfn_vl3, msg_user_dfn_vl4, use_yn, reg_dt, rgtr_id, mdfcn_dt, mdfr_id) values('ko', 'FIELD', 'userDeptSeCd', '사용자 부서 구분 코드', '사용자 부서 구분 코드', '', '', '', '', 'Y', '2025-01-01 00:00:00', '[AUDIT_USER]', '2025-01-01 00:00:00', '[AUDIT_USER]');
insert into [DBSCHEMA].msg_table (msg_lang, msg_clsf, msg_cd, msg_nm, msg_cn, msg_user_dfn_vl1, msg_user_dfn_vl2, msg_user_dfn_vl3, msg_user_dfn_vl4, use_yn, reg_dt, rgtr_id, mdfcn_dt, mdfr_id) values('en', 'FIELD', 'userEml', 'USER EML', 'USER EML', '', '', '', '', 'Y', '2025-01-01 00:00:00', '[AUDIT_USER]', '2025-01-01 00:00:00', '[AUDIT_USER]');
insert into [DBSCHEMA].msg_table (msg_lang, msg_clsf, msg_cd, msg_nm, msg_cn, msg_user_dfn_vl1, msg_user_dfn_vl2, msg_user_dfn_vl3, msg_user_dfn_vl4, use_yn, reg_dt, rgtr_id, mdfcn_dt, mdfr_id) values('ko', 'FIELD', 'userEml', '사용자 이메일', '사용자 이메일', '', '', '', '', 'Y', '2025-01-01 00:00:00', '[AUDIT_USER]', '2025-01-01 00:00:00', '[AUDIT_USER]');
insert into [DBSCHEMA].msg_table (msg_lang, msg_clsf, msg_cd, msg_nm, msg_cn, msg_user_dfn_vl1, msg_user_dfn_vl2, msg_user_dfn_vl3, msg_user_dfn_vl4, use_yn, reg_dt, rgtr_id, mdfcn_dt, mdfr_id) values('en', 'FIELD', 'userEmpNo', 'USER EMP NO', 'USER EMP NO', '', '', '', '', 'Y', '2025-01-01 00:00:00', '[AUDIT_USER]', '2025-01-01 00:00:00', '[AUDIT_USER]');
insert into [DBSCHEMA].msg_table (msg_lang, msg_clsf, msg_cd, msg_nm, msg_cn, msg_user_dfn_vl1, msg_user_dfn_vl2, msg_user_dfn_vl3, msg_user_dfn_vl4, use_yn, reg_dt, rgtr_id, mdfcn_dt, mdfr_id) values('ko', 'FIELD', 'userEmpNo', '사용자 사원 번호', '사용자 사원 번호', '', '', '', '', 'Y', '2025-01-01 00:00:00', '[AUDIT_USER]', '2025-01-01 00:00:00', '[AUDIT_USER]');
insert into [DBSCHEMA].msg_table (msg_lang, msg_clsf, msg_cd, msg_nm, msg_cn, msg_user_dfn_vl1, msg_user_dfn_vl2, msg_user_dfn_vl3, msg_user_dfn_vl4, use_yn, reg_dt, rgtr_id, mdfcn_dt, mdfr_id) values('en', 'FIELD', 'userHpNo', 'USER HP NO', 'USER HP NO', '', '', '', '', 'Y', '2025-01-01 00:00:00', '[AUDIT_USER]', '2025-01-01 00:00:00', '[AUDIT_USER]');
insert into [DBSCHEMA].msg_table (msg_lang, msg_clsf, msg_cd, msg_nm, msg_cn, msg_user_dfn_vl1, msg_user_dfn_vl2, msg_user_dfn_vl3, msg_user_dfn_vl4, use_yn, reg_dt, rgtr_id, mdfcn_dt, mdfr_id) values('ko', 'FIELD', 'userHpNo', '사용자 핸드폰 번호', '사용자 핸드폰 번호', '', '', '', '', 'Y', '2025-01-01 00:00:00', '[AUDIT_USER]', '2025-01-01 00:00:00', '[AUDIT_USER]');
insert into [DBSCHEMA].msg_table (msg_lang, msg_clsf, msg_cd, msg_nm, msg_cn, msg_user_dfn_vl1, msg_user_dfn_vl2, msg_user_dfn_vl3, msg_user_dfn_vl4, use_yn, reg_dt, rgtr_id, mdfcn_dt, mdfr_id) values('en', 'FIELD', 'userId', 'USER ID', 'USER ID', '', '', '',NULL,'Y', '2025-01-01 00:00:00', '[AUDIT_USER]', '2025-01-01 00:00:00', '[AUDIT_USER]');
insert into [DBSCHEMA].msg_table (msg_lang, msg_clsf, msg_cd, msg_nm, msg_cn, msg_user_dfn_vl1, msg_user_dfn_vl2, msg_user_dfn_vl3, msg_user_dfn_vl4, use_yn, reg_dt, rgtr_id, mdfcn_dt, mdfr_id) values('ko', 'FIELD', 'userId', '사용자 ID', '사용자 ID', '', '', '',NULL,'Y', '2025-01-01 00:00:00', '[AUDIT_USER]', '2025-01-01 00:00:00', '[AUDIT_USER]');
insert into [DBSCHEMA].msg_table (msg_lang, msg_clsf, msg_cd, msg_nm, msg_cn, msg_user_dfn_vl1, msg_user_dfn_vl2, msg_user_dfn_vl3, msg_user_dfn_vl4, use_yn, reg_dt, rgtr_id, mdfcn_dt, mdfr_id) values('en', 'FIELD', 'userJbgdSeCd', 'USER JBGD SE CD', 'USER JBGD SE CD', '', '', '', '', 'Y', '2025-01-01 00:00:00', '[AUDIT_USER]', '2025-01-01 00:00:00', '[AUDIT_USER]');
insert into [DBSCHEMA].msg_table (msg_lang, msg_clsf, msg_cd, msg_nm, msg_cn, msg_user_dfn_vl1, msg_user_dfn_vl2, msg_user_dfn_vl3, msg_user_dfn_vl4, use_yn, reg_dt, rgtr_id, mdfcn_dt, mdfr_id) values('ko', 'FIELD', 'userJbgdSeCd', '사용자 직급 구분 코드', '사용자 직급 구분 코드', '', '', '', '', 'Y', '2025-01-01 00:00:00', '[AUDIT_USER]', '2025-01-01 00:00:00', '[AUDIT_USER]');
insert into [DBSCHEMA].msg_table (msg_lang, msg_clsf, msg_cd, msg_nm, msg_cn, msg_user_dfn_vl1, msg_user_dfn_vl2, msg_user_dfn_vl3, msg_user_dfn_vl4, use_yn, reg_dt, rgtr_id, mdfcn_dt, mdfr_id) values('en', 'FIELD', 'userJncmpYmd', 'USER JNCMP YMD', 'USER JNCMP YMD', '', '', '', '', 'Y', '2025-01-01 00:00:00', '[AUDIT_USER]', '2025-01-01 00:00:00', '[AUDIT_USER]');
insert into [DBSCHEMA].msg_table (msg_lang, msg_clsf, msg_cd, msg_nm, msg_cn, msg_user_dfn_vl1, msg_user_dfn_vl2, msg_user_dfn_vl3, msg_user_dfn_vl4, use_yn, reg_dt, rgtr_id, mdfcn_dt, mdfr_id) values('ko', 'FIELD', 'userJncmpYmd', '사용자 입사 일자', '사용자 입사 일자', '', '', '', '', 'Y', '2025-01-01 00:00:00', '[AUDIT_USER]', '2025-01-01 00:00:00', '[AUDIT_USER]');
insert into [DBSCHEMA].msg_table (msg_lang, msg_clsf, msg_cd, msg_nm, msg_cn, msg_user_dfn_vl1, msg_user_dfn_vl2, msg_user_dfn_vl3, msg_user_dfn_vl4, use_yn, reg_dt, rgtr_id, mdfcn_dt, mdfr_id) values('en', 'FIELD', 'userNm', 'USER NM', 'USER NM', '', '', '', '', 'Y', '2025-01-01 00:00:00', '[AUDIT_USER]', '2025-01-01 00:00:00', '[AUDIT_USER]');
insert into [DBSCHEMA].msg_table (msg_lang, msg_clsf, msg_cd, msg_nm, msg_cn, msg_user_dfn_vl1, msg_user_dfn_vl2, msg_user_dfn_vl3, msg_user_dfn_vl4, use_yn, reg_dt, rgtr_id, mdfcn_dt, mdfr_id) values('ko', 'FIELD', 'userNm', '사용자 명', '사용자 명', '', '', '', '', 'Y', '2025-01-01 00:00:00', '[AUDIT_USER]', '2025-01-01 00:00:00', '[AUDIT_USER]');
insert into [DBSCHEMA].msg_table (msg_lang, msg_clsf, msg_cd, msg_nm, msg_cn, msg_user_dfn_vl1, msg_user_dfn_vl2, msg_user_dfn_vl3, msg_user_dfn_vl4, use_yn, reg_dt, rgtr_id, mdfcn_dt, mdfr_id) values('en', 'FIELD', 'userPw', 'USER PW', 'USER PW', '', '', '', '', 'Y', '2025-01-01 00:00:00', '[AUDIT_USER]', '2025-01-01 00:00:00', '[AUDIT_USER]');
insert into [DBSCHEMA].msg_table (msg_lang, msg_clsf, msg_cd, msg_nm, msg_cn, msg_user_dfn_vl1, msg_user_dfn_vl2, msg_user_dfn_vl3, msg_user_dfn_vl4, use_yn, reg_dt, rgtr_id, mdfcn_dt, mdfr_id) values('ko', 'FIELD', 'userPw', '사용자 비밀번호', '사용자 비밀번호', '', '', '', '', 'Y', '2025-01-01 00:00:00', '[AUDIT_USER]', '2025-01-01 00:00:00', '[AUDIT_USER]');

---- user_table ----
insert into [DBSCHEMA].user_table (user_id, user_pw, user_emp_no, user_nm, user_hp_no, user_eml, user_addr, user_brth_ymd, user_photo_file_path, user_jncmp_ymd, user_ofc_telno, user_atdc_id, user_dept_se_cd, user_jbgd_se_cd, user_authrt_se_cd, use_yn, reg_dt, rgtr_id, mdfcn_dt, mdfr_id) values('[USER_ID]', '[HASHED_PASSWORD]', '[EMPLOYEE_NO]', '[USER_NAME]', '[PHONE]', '[EMAIL]', '[ADDRESS]', '[BIRTH_DATE]', null, '[JOIN_DATE]', null, 0, '[DEPARTMENT_CODE]', '[JOB_GRADE_CODE]', '[AUTHORITY_CODE]', 'Y', '2025-01-01 00:00:00.000', ''[AUDIT_USER]', '2025-01-01 00:00:00.000', ''[AUDIT_USER]');

---- menu_table ----
INSERT INTO [DBSCHEMA].menu_table (menu_id, menu_nm, menu_expln, menu_url, up_menu_id, menu_dpth, menu_api_yn, menu_popup_yn, menu_user_dfn_vl, menu_bgng_ymd, menu_end_ymd, menu_sn, use_yn, reg_dt, rgtr_id, mdfcn_dt, mdfr_id) VALUES('M000100', '사용자 관리', '사용자 관리', '/user', NULL, 1, 'N', 'N', NULL, '20250101', '20991231', '000100', 'Y', '2025-01-01 00:00:00.000', '[AUDIT_USER]', '2025-01-01 00:00:00.000', '[AUDIT_USER]');
INSERT INTO [DBSCHEMA].menu_table (menu_id, menu_nm, menu_expln, menu_url, up_menu_id, menu_dpth, menu_api_yn, menu_popup_yn, menu_user_dfn_vl, menu_bgng_ymd, menu_end_ymd, menu_sn, use_yn, reg_dt, rgtr_id, mdfcn_dt, mdfr_id) VALUES('A000100', '로그인', '로그인', '/user/login', 'M000100', 2, 'Y', 'N', NULL, '20250101', '20991231', '000100', 'Y', '2025-01-01 00:00:00.000', '[AUDIT_USER]', '2025-01-01 00:00:00.000', '[AUDIT_USER]');
INSERT INTO [DBSCHEMA].menu_table (menu_id, menu_nm, menu_expln, menu_url, up_menu_id, menu_dpth, menu_api_yn, menu_popup_yn, menu_user_dfn_vl, menu_bgng_ymd, menu_end_ymd, menu_sn, use_yn, reg_dt, rgtr_id, mdfcn_dt, mdfr_id) VALUES('A000101', '사용자 목록', '사용자 목록 조회', '/user', 'M000100', 2, 'Y', 'N', NULL, '20250101', '20991231', '000101', 'Y', '2025-01-01 00:00:00.000', '[AUDIT_USER]', '2025-01-01 00:00:00.000', '[AUDIT_USER]');
INSERT INTO [DBSCHEMA].menu_table (menu_id, menu_nm, menu_expln, menu_url, up_menu_id, menu_dpth, menu_api_yn, menu_popup_yn, menu_user_dfn_vl, menu_bgng_ymd, menu_end_ymd, menu_sn, use_yn, reg_dt, rgtr_id, mdfcn_dt, mdfr_id) VALUES('A000102', '사용자 상세', '사용자 상세 조회', '/user/dtl', 'M000100', 2, 'Y', 'N', NULL, '20250101', '20991231', '000102', 'Y', '2025-01-01 00:00:00.000', '[AUDIT_USER]', '2025-01-01 00:00:00.000', '[AUDIT_USER]');
INSERT INTO [DBSCHEMA].menu_table (menu_id, menu_nm, menu_expln, menu_url, up_menu_id, menu_dpth, menu_api_yn, menu_popup_yn, menu_user_dfn_vl, menu_bgng_ymd, menu_end_ymd, menu_sn, use_yn, reg_dt, rgtr_id, mdfcn_dt, mdfr_id) VALUES('A000103', '사용자 등록/수정', '사용자 등록/수정', '/user', 'M000100', 2, 'Y', 'N', NULL, '20250101', '20991231', '000103', 'Y', '2025-01-01 00:00:00.000', '[AUDIT_USER]', '2025-01-01 00:00:00.000', '[AUDIT_USER]');
INSERT INTO [DBSCHEMA].menu_table (menu_id, menu_nm, menu_expln, menu_url, up_menu_id, menu_dpth, menu_api_yn, menu_popup_yn, menu_user_dfn_vl, menu_bgng_ymd, menu_end_ymd, menu_sn, use_yn, reg_dt, rgtr_id, mdfcn_dt, mdfr_id) VALUES('A000104', '사용자 삭제', '사용자 삭제', '/user', 'M000100', 2, 'Y', 'N', NULL, '20250101', '20991231', '000104', 'Y', '2025-01-01 00:00:00.000', '[AUDIT_USER]', '2025-01-01 00:00:00.000', '[AUDIT_USER]');
INSERT INTO [DBSCHEMA].menu_table (menu_id, menu_nm, menu_expln, menu_url, up_menu_id, menu_dpth, menu_api_yn, menu_popup_yn, menu_user_dfn_vl, menu_bgng_ymd, menu_end_ymd, menu_sn, use_yn, reg_dt, rgtr_id, mdfcn_dt, mdfr_id) VALUES('A000105', '사용자 내정보', '내 정보 상세 조회', '/user/my', 'M000100', 2, 'Y', 'N', NULL, '20250101', '20991231', '000105', 'Y', '2025-01-01 00:00:00.000', '[AUDIT_USER]', '2025-01-01 00:00:00.000', '[AUDIT_USER]');
INSERT INTO [DBSCHEMA].menu_table (menu_id, menu_nm, menu_expln, menu_url, up_menu_id, menu_dpth, menu_api_yn, menu_popup_yn, menu_user_dfn_vl, menu_bgng_ymd, menu_end_ymd, menu_sn, use_yn, reg_dt, rgtr_id, mdfcn_dt, mdfr_id) VALUES('A000106', '사용자 조직도', '조직도 사용자 목록 조회', '/user/ognz-chrt', 'M000100', 2, 'Y', 'N', NULL, '20250101', '20991231', '000106', 'Y', '2025-01-01 00:00:00.000', '[AUDIT_USER]', '2025-01-01 00:00:00.000', '[AUDIT_USER]');
INSERT INTO [DBSCHEMA].menu_table (menu_id, menu_nm, menu_expln, menu_url, up_menu_id, menu_dpth, menu_api_yn, menu_popup_yn, menu_user_dfn_vl, menu_bgng_ymd, menu_end_ymd, menu_sn, use_yn, reg_dt, rgtr_id, mdfcn_dt, mdfr_id) VALUES('M000200', '권한 관리', '권한 관리', '/authr', NULL, 1, 'N', 'N', NULL, '20250101', '20991231', '000200', 'Y', '2025-01-01 00:00:00.000', '[AUDIT_USER]', '2025-01-01 00:00:00.000', '[AUDIT_USER]');
INSERT INTO [DBSCHEMA].menu_table (menu_id, menu_nm, menu_expln, menu_url, up_menu_id, menu_dpth, menu_api_yn, menu_popup_yn, menu_user_dfn_vl, menu_bgng_ymd, menu_end_ymd, menu_sn, use_yn, reg_dt, rgtr_id, mdfcn_dt, mdfr_id) VALUES('A000200', '권한 목록', '권한 목록 조회', '/authr', 'M000200', 2, 'Y', 'N', NULL, '20250101', '20991231', '000200', 'Y', '2025-01-01 00:00:00.000', '[AUDIT_USER]', '2025-01-01 00:00:00.000', '[AUDIT_USER]');
INSERT INTO [DBSCHEMA].menu_table (menu_id, menu_nm, menu_expln, menu_url, up_menu_id, menu_dpth, menu_api_yn, menu_popup_yn, menu_user_dfn_vl, menu_bgng_ymd, menu_end_ymd, menu_sn, use_yn, reg_dt, rgtr_id, mdfcn_dt, mdfr_id) VALUES('A000201', '권한 상세', '권한 상세 조회', '/authr/dtl', 'M000200', 2, 'Y', 'N', NULL, '20250101', '20991231', '000201', 'Y', '2025-01-01 00:00:00.000', '[AUDIT_USER]', '2025-01-01 00:00:00.000', '[AUDIT_USER]');
INSERT INTO [DBSCHEMA].menu_table (menu_id, menu_nm, menu_expln, menu_url, up_menu_id, menu_dpth, menu_api_yn, menu_popup_yn, menu_user_dfn_vl, menu_bgng_ymd, menu_end_ymd, menu_sn, use_yn, reg_dt, rgtr_id, mdfcn_dt, mdfr_id) VALUES('A000202', '권한 등록/수정', '권한 등록/수정', '/authr', 'M000200', 2, 'Y', 'N', NULL, '20250101', '20991231', '000202', 'Y', '2025-01-01 00:00:00.000', '[AUDIT_USER]', '2025-01-01 00:00:00.000', '[AUDIT_USER]');
INSERT INTO [DBSCHEMA].menu_table (menu_id, menu_nm, menu_expln, menu_url, up_menu_id, menu_dpth, menu_api_yn, menu_popup_yn, menu_user_dfn_vl, menu_bgng_ymd, menu_end_ymd, menu_sn, use_yn, reg_dt, rgtr_id, mdfcn_dt, mdfr_id) VALUES('A000203', '권한 삭제', '권한 삭제', '/authr', 'M000200', 2, 'Y', 'N', NULL, '20250101', '20991231', '000203', 'Y', '2025-01-01 00:00:00.000', '[AUDIT_USER]', '2025-01-01 00:00:00.000', '[AUDIT_USER]');
INSERT INTO [DBSCHEMA].menu_table (menu_id, menu_nm, menu_expln, menu_url, up_menu_id, menu_dpth, menu_api_yn, menu_popup_yn, menu_user_dfn_vl, menu_bgng_ymd, menu_end_ymd, menu_sn, use_yn, reg_dt, rgtr_id, mdfcn_dt, mdfr_id) VALUES('M000300', '메뉴 관리', '메뉴 관리', '/menu', NULL, 1, 'N', 'N', NULL, '20250101', '20991231', '000300', 'Y', '2025-01-01 00:00:00.000', '[AUDIT_USER]', '2025-01-01 00:00:00.000', '[AUDIT_USER]');
INSERT INTO [DBSCHEMA].menu_table (menu_id, menu_nm, menu_expln, menu_url, up_menu_id, menu_dpth, menu_api_yn, menu_popup_yn, menu_user_dfn_vl, menu_bgng_ymd, menu_end_ymd, menu_sn, use_yn, reg_dt, rgtr_id, mdfcn_dt, mdfr_id) VALUES('A000300', '메뉴 목록', '메뉴 목록 조회', '/menu', 'M000300', 2, 'Y', 'N', NULL, '20250101', '20991231', '000300', 'Y', '2025-01-01 00:00:00.000', '[AUDIT_USER]', '2025-01-01 00:00:00.000', '[AUDIT_USER]');
INSERT INTO [DBSCHEMA].menu_table (menu_id, menu_nm, menu_expln, menu_url, up_menu_id, menu_dpth, menu_api_yn, menu_popup_yn, menu_user_dfn_vl, menu_bgng_ymd, menu_end_ymd, menu_sn, use_yn, reg_dt, rgtr_id, mdfcn_dt, mdfr_id) VALUES('A000301', '메뉴 상세', '메뉴 상세 조회', '/menu/dtl', 'M000300', 2, 'Y', 'N', NULL, '20250101', '20991231', '000301', 'Y', '2025-01-01 00:00:00.000', '[AUDIT_USER]', '2025-01-01 00:00:00.000', '[AUDIT_USER]');
INSERT INTO [DBSCHEMA].menu_table (menu_id, menu_nm, menu_expln, menu_url, up_menu_id, menu_dpth, menu_api_yn, menu_popup_yn, menu_user_dfn_vl, menu_bgng_ymd, menu_end_ymd, menu_sn, use_yn, reg_dt, rgtr_id, mdfcn_dt, mdfr_id) VALUES('A000302', '메뉴 등록/수정', '메뉴 등록/수정', '/menu', 'M000300', 2, 'Y', 'N', NULL, '20250101', '20991231', '000302', 'Y', '2025-01-01 00:00:00.000', '[AUDIT_USER]', '2025-01-01 00:00:00.000', '[AUDIT_USER]');
INSERT INTO [DBSCHEMA].menu_table (menu_id, menu_nm, menu_expln, menu_url, up_menu_id, menu_dpth, menu_api_yn, menu_popup_yn, menu_user_dfn_vl, menu_bgng_ymd, menu_end_ymd, menu_sn, use_yn, reg_dt, rgtr_id, mdfcn_dt, mdfr_id) VALUES('A000303', '메뉴 삭제', '메뉴 삭제', '/menu', 'M000300', 2, 'Y', 'N', NULL, '20250101', '20991231', '000303', 'Y', '2025-01-01 00:00:00.000', '[AUDIT_USER]', '2025-01-01 00:00:00.000', '[AUDIT_USER]');
INSERT INTO [DBSCHEMA].menu_table (menu_id, menu_nm, menu_expln, menu_url, up_menu_id, menu_dpth, menu_api_yn, menu_popup_yn, menu_user_dfn_vl, menu_bgng_ymd, menu_end_ymd, menu_sn, use_yn, reg_dt, rgtr_id, mdfcn_dt, mdfr_id) VALUES('M000400', '메세지 관리', '메세지 관리', '/msg', NULL, 1, 'N', 'N', NULL, '20250101', '20991231', '000400', 'Y', '2025-01-01 00:00:00.000', '[AUDIT_USER]', '2025-01-01 00:00:00.000', '[AUDIT_USER]');
INSERT INTO [DBSCHEMA].menu_table (menu_id, menu_nm, menu_expln, menu_url, up_menu_id, menu_dpth, menu_api_yn, menu_popup_yn, menu_user_dfn_vl, menu_bgng_ymd, menu_end_ymd, menu_sn, use_yn, reg_dt, rgtr_id, mdfcn_dt, mdfr_id) VALUES('A000400', '메세지 목록', '메세지 목록 조회', '/msg', 'M000400', 2, 'Y', 'N', NULL, '20250101', '20991231', '000400', 'Y', '2025-01-01 00:00:00.000', '[AUDIT_USER]', '2025-01-01 00:00:00.000', '[AUDIT_USER]');
INSERT INTO [DBSCHEMA].menu_table (menu_id, menu_nm, menu_expln, menu_url, up_menu_id, menu_dpth, menu_api_yn, menu_popup_yn, menu_user_dfn_vl, menu_bgng_ymd, menu_end_ymd, menu_sn, use_yn, reg_dt, rgtr_id, mdfcn_dt, mdfr_id) VALUES('A000401', '메세지 상세', '메세지 상세 조회', '/msg/dtl', 'M000400', 2, 'Y', 'N', NULL, '20250101', '20991231', '000401', 'Y', '2025-01-01 00:00:00.000', '[AUDIT_USER]', '2025-01-01 00:00:00.000', '[AUDIT_USER]');
INSERT INTO [DBSCHEMA].menu_table (menu_id, menu_nm, menu_expln, menu_url, up_menu_id, menu_dpth, menu_api_yn, menu_popup_yn, menu_user_dfn_vl, menu_bgng_ymd, menu_end_ymd, menu_sn, use_yn, reg_dt, rgtr_id, mdfcn_dt, mdfr_id) VALUES('A000402', '메세지 등록/수정', '메세지 등록/수정', '/msg', 'M000400', 2, 'Y', 'N', NULL, '20250101', '20991231', '000402', 'Y', '2025-01-01 00:00:00.000', '[AUDIT_USER]', '2025-01-01 00:00:00.000', '[AUDIT_USER]');
INSERT INTO [DBSCHEMA].menu_table (menu_id, menu_nm, menu_expln, menu_url, up_menu_id, menu_dpth, menu_api_yn, menu_popup_yn, menu_user_dfn_vl, menu_bgng_ymd, menu_end_ymd, menu_sn, use_yn, reg_dt, rgtr_id, mdfcn_dt, mdfr_id) VALUES('A000403', '메세지 삭제', '메세지 삭제', '/msg', 'M000400', 2, 'Y', 'N', NULL, '20250101', '20991231', '000403', 'Y', '2025-01-01 00:00:00.000', '[AUDIT_USER]', '2025-01-01 00:00:00.000', '[AUDIT_USER]');
INSERT INTO [DBSCHEMA].menu_table (menu_id, menu_nm, menu_expln, menu_url, up_menu_id, menu_dpth, menu_api_yn, menu_popup_yn, menu_user_dfn_vl, menu_bgng_ymd, menu_end_ymd, menu_sn, use_yn, reg_dt, rgtr_id, mdfcn_dt, mdfr_id) VALUES('M000500', '공통코드 관리', '공통코드 관리', '/cmmn-cd-clsf', NULL, 1, 'N', 'N', NULL, '20250101', '20991231', '000500', 'Y', '2025-01-01 00:00:00.000', '[AUDIT_USER]', '2025-01-01 00:00:00.000', '[AUDIT_USER]');
INSERT INTO [DBSCHEMA].menu_table (menu_id, menu_nm, menu_expln, menu_url, up_menu_id, menu_dpth, menu_api_yn, menu_popup_yn, menu_user_dfn_vl, menu_bgng_ymd, menu_end_ymd, menu_sn, use_yn, reg_dt, rgtr_id, mdfcn_dt, mdfr_id) VALUES('A000500', '공통코드 분류 목록', '공통코드 분류 목록 조회', '/cmmn-cd-clsf', 'M000500', 2, 'Y', 'N', NULL, '20250101', '20991231', '000500', 'Y', '2025-01-01 00:00:00.000', '[AUDIT_USER]', '2025-01-01 00:00:00.000', '[AUDIT_USER]');
INSERT INTO [DBSCHEMA].menu_table (menu_id, menu_nm, menu_expln, menu_url, up_menu_id, menu_dpth, menu_api_yn, menu_popup_yn, menu_user_dfn_vl, menu_bgng_ymd, menu_end_ymd, menu_sn, use_yn, reg_dt, rgtr_id, mdfcn_dt, mdfr_id) VALUES('A000501', '공통코드 분류 상세', '공통코드 분류 상세 조회', '/cmmn-cd-clsf/dtl', 'M000500', 2, 'Y', 'N', NULL, '20250101', '20991231', '000501', 'Y', '2025-01-01 00:00:00.000', '[AUDIT_USER]', '2025-01-01 00:00:00.000', '[AUDIT_USER]');
INSERT INTO [DBSCHEMA].menu_table (menu_id, menu_nm, menu_expln, menu_url, up_menu_id, menu_dpth, menu_api_yn, menu_popup_yn, menu_user_dfn_vl, menu_bgng_ymd, menu_end_ymd, menu_sn, use_yn, reg_dt, rgtr_id, mdfcn_dt, mdfr_id) VALUES('A000502', '공통코드 분류 등록/수정', '공통코드 분류 등록/수정', '/cmmn-cd-clsf', 'M000500', 2, 'Y', 'N', NULL, '20250101', '20991231', '000502', 'Y', '2025-01-01 00:00:00.000', '[AUDIT_USER]', '2025-01-01 00:00:00.000', '[AUDIT_USER]');
INSERT INTO [DBSCHEMA].menu_table (menu_id, menu_nm, menu_expln, menu_url, up_menu_id, menu_dpth, menu_api_yn, menu_popup_yn, menu_user_dfn_vl, menu_bgng_ymd, menu_end_ymd, menu_sn, use_yn, reg_dt, rgtr_id, mdfcn_dt, mdfr_id) VALUES('A000503', '공통코드 분류 삭제', '공통코드 분류 삭제', '/cmmn-cd-clsf', 'M000500', 2, 'Y', 'N', NULL, '20250101', '20991231', '000503', 'Y', '2025-01-01 00:00:00.000', '[AUDIT_USER]', '2025-01-01 00:00:00.000', '[AUDIT_USER]');
INSERT INTO [DBSCHEMA].menu_table (menu_id, menu_nm, menu_expln, menu_url, up_menu_id, menu_dpth, menu_api_yn, menu_popup_yn, menu_user_dfn_vl, menu_bgng_ymd, menu_end_ymd, menu_sn, use_yn, reg_dt, rgtr_id, mdfcn_dt, mdfr_id) VALUES('A000600', '공통코드 목록', '공통코드 목록 조회', '/cmmn-cd', 'M000500', 2, 'Y', 'N', NULL, '20250101', '20991231', '000600', 'Y', '2025-01-01 00:00:00.000', '[AUDIT_USER]', '2025-01-01 00:00:00.000', '[AUDIT_USER]');
INSERT INTO [DBSCHEMA].menu_table (menu_id, menu_nm, menu_expln, menu_url, up_menu_id, menu_dpth, menu_api_yn, menu_popup_yn, menu_user_dfn_vl, menu_bgng_ymd, menu_end_ymd, menu_sn, use_yn, reg_dt, rgtr_id, mdfcn_dt, mdfr_id) VALUES('A000601', '공통코드 상세', '공통코드 상세 조회', '/cmmn-cd/dtl', 'M000500', 2, 'Y', 'N', NULL, '20250101', '20991231', '000601', 'Y', '2025-01-01 00:00:00.000', '[AUDIT_USER]', '2025-01-01 00:00:00.000', '[AUDIT_USER]');
INSERT INTO [DBSCHEMA].menu_table (menu_id, menu_nm, menu_expln, menu_url, up_menu_id, menu_dpth, menu_api_yn, menu_popup_yn, menu_user_dfn_vl, menu_bgng_ymd, menu_end_ymd, menu_sn, use_yn, reg_dt, rgtr_id, mdfcn_dt, mdfr_id) VALUES('A000602', '공통코드 등록/수정', '공통코드 등록/수정', '/cmmn-cd', 'M000500', 2, 'Y', 'N', NULL, '20250101', '20991231', '000602', 'Y', '2025-01-01 00:00:00.000', '[AUDIT_USER]', '2025-01-01 00:00:00.000', '[AUDIT_USER]');
INSERT INTO [DBSCHEMA].menu_table (menu_id, menu_nm, menu_expln, menu_url, up_menu_id, menu_dpth, menu_api_yn, menu_popup_yn, menu_user_dfn_vl, menu_bgng_ymd, menu_end_ymd, menu_sn, use_yn, reg_dt, rgtr_id, mdfcn_dt, mdfr_id) VALUES('A000603', '공통코드 삭제', '공통코드 삭제', '/cmmn-cd', 'M000500', 2, 'Y', 'N', NULL, '20250101', '20991231', '000603', 'Y', '2025-01-01 00:00:00.000', '[AUDIT_USER]', '2025-01-01 00:00:00.000', '[AUDIT_USER]');
INSERT INTO [DBSCHEMA].menu_table (menu_id, menu_nm, menu_expln, menu_url, up_menu_id, menu_dpth, menu_api_yn, menu_popup_yn, menu_user_dfn_vl, menu_bgng_ymd, menu_end_ymd, menu_sn, use_yn, reg_dt, rgtr_id, mdfcn_dt, mdfr_id) VALUES('A000604', '사용자용 공통코드 목록', '사용자용 공통코드 목록 조회', '/cmmn-cd/cd/_%/', 'M000500', 2, 'Y', 'N', NULL, '20250101', '20991231', '000604', 'Y', '2025-01-01 00:00:00.000', '[AUDIT_USER]', '2025-01-01 00:00:00.000', '[AUDIT_USER]');
INSERT INTO [DBSCHEMA].menu_table (menu_id, menu_nm, menu_expln, menu_url, up_menu_id, menu_dpth, menu_api_yn, menu_popup_yn, menu_user_dfn_vl, menu_bgng_ymd, menu_end_ymd, menu_sn, use_yn, reg_dt, rgtr_id, mdfcn_dt, mdfr_id) VALUES('A000605', '조직도용 공통코드(부서) 목록 조회', '조직도용 공통코드(부서) 목록 조회', '/cmmn-cd/cd/ognz-chrt-dept', 'M000500', 2, 'Y', 'N', NULL, '20250101', '20991231', '000604', 'Y', '2025-01-01 00:00:00.000', '[AUDIT_USER]', '2025-01-01 00:00:00.000', '[AUDIT_USER]');
INSERT INTO [DBSCHEMA].menu_table (menu_id, menu_nm, menu_expln, menu_url, up_menu_id, menu_dpth, menu_api_yn, menu_popup_yn, menu_user_dfn_vl, menu_bgng_ymd, menu_end_ymd, menu_sn, use_yn, reg_dt, rgtr_id, mdfcn_dt, mdfr_id) VALUES('M000700', '파일 관리', '파일 관리', '/file', NULL, 1, 'N', 'N', NULL, '20250101', '20991231', '000500', 'Y', '2025-01-01 00:00:00.000', '[AUDIT_USER]', '2025-01-01 00:00:00.000', '[AUDIT_USER]');
INSERT INTO [DBSCHEMA].menu_table (menu_id, menu_nm, menu_expln, menu_url, up_menu_id, menu_dpth, menu_api_yn, menu_popup_yn, menu_user_dfn_vl, menu_bgng_ymd, menu_end_ymd, menu_sn, use_yn, reg_dt, rgtr_id, mdfcn_dt, mdfr_id) VALUES('A000700', '파일 목록', '파일 목록 조회', '/file', 'M000700', 2, 'Y', 'N', NULL, '20250101', '20991231', '000500', 'Y', '2025-01-01 00:00:00.000', '[AUDIT_USER]', '2025-01-01 00:00:00.000', '[AUDIT_USER]');
INSERT INTO [DBSCHEMA].menu_table (menu_id, menu_nm, menu_expln, menu_url, up_menu_id, menu_dpth, menu_api_yn, menu_popup_yn, menu_user_dfn_vl, menu_bgng_ymd, menu_end_ymd, menu_sn, use_yn, reg_dt, rgtr_id, mdfcn_dt, mdfr_id) VALUES('A000701', '파일 상세', '파일 상세 조회', '/file/dtl', 'M000700', 2, 'Y', 'N', NULL, '20250101', '20991231', '000500', 'Y', '2025-01-01 00:00:00.000', '[AUDIT_USER]', '2025-01-01 00:00:00.000', '[AUDIT_USER]');
INSERT INTO [DBSCHEMA].menu_table (menu_id, menu_nm, menu_expln, menu_url, up_menu_id, menu_dpth, menu_api_yn, menu_popup_yn, menu_user_dfn_vl, menu_bgng_ymd, menu_end_ymd, menu_sn, use_yn, reg_dt, rgtr_id, mdfcn_dt, mdfr_id) VALUES('A000702', '파일 삭제', '파일 삭제', '/file', 'M000700', 2, 'Y', 'N', NULL, '20250101', '20991231', '000500', 'Y', '2025-01-01 00:00:00.000', '[AUDIT_USER]', '2025-01-01 00:00:00.000', '[AUDIT_USER]');
INSERT INTO [DBSCHEMA].menu_table (menu_id, menu_nm, menu_expln, menu_url, up_menu_id, menu_dpth, menu_api_yn, menu_popup_yn, menu_user_dfn_vl, menu_bgng_ymd, menu_end_ymd, menu_sn, use_yn, reg_dt, rgtr_id, mdfcn_dt, mdfr_id) VALUES('A000703', '파일 다운로드', '파일 다운로드', '/file/dwnld', 'M000700', 2, 'Y', 'N', NULL, '20250101', '20991231', '000500', 'Y', '2025-01-01 00:00:00.000', '[AUDIT_USER]', '2025-01-01 00:00:00.000', '[AUDIT_USER]');
INSERT INTO [DBSCHEMA].menu_table (menu_id, menu_nm, menu_expln, menu_url, up_menu_id, menu_dpth, menu_api_yn, menu_popup_yn, menu_user_dfn_vl, menu_bgng_ymd, menu_end_ymd, menu_sn, use_yn, reg_dt, rgtr_id, mdfcn_dt, mdfr_id) VALUES('M000800', '휴일 관리', '휴일 관리', '/hldy', NULL, 1, 'N', 'N', NULL, '20250101', '20991231', '001000', 'Y', '2025-01-01 00:00:00.000', '[AUDIT_USER]', '2025-01-01 00:00:00.000', '[AUDIT_USER]');
INSERT INTO [DBSCHEMA].menu_table (menu_id, menu_nm, menu_expln, menu_url, up_menu_id, menu_dpth, menu_api_yn, menu_popup_yn, menu_user_dfn_vl, menu_bgng_ymd, menu_end_ymd, menu_sn, use_yn, reg_dt, rgtr_id, mdfcn_dt, mdfr_id) VALUES('A000800', '휴일 관리 목록', '휴일 관리 목록 조회', '/hldy', 'M000800', 2, 'Y', 'N', NULL, '20250101', '20991231', '001000', 'Y', '2025-01-01 00:00:00.000', '[AUDIT_USER]', '2025-01-01 00:00:00.000', '[AUDIT_USER]');
INSERT INTO [DBSCHEMA].menu_table (menu_id, menu_nm, menu_expln, menu_url, up_menu_id, menu_dpth, menu_api_yn, menu_popup_yn, menu_user_dfn_vl, menu_bgng_ymd, menu_end_ymd, menu_sn, use_yn, reg_dt, rgtr_id, mdfcn_dt, mdfr_id) VALUES('A000801', '휴일 관리 상세', '휴일 관리 상세 조회', '/hldy/dtl', 'M000800', 2, 'Y', 'N', NULL, '20250101', '20991231', '001001', 'Y', '2025-01-01 00:00:00.000', '[AUDIT_USER]', '2025-01-01 00:00:00.000', '[AUDIT_USER]');
INSERT INTO [DBSCHEMA].menu_table (menu_id, menu_nm, menu_expln, menu_url, up_menu_id, menu_dpth, menu_api_yn, menu_popup_yn, menu_user_dfn_vl, menu_bgng_ymd, menu_end_ymd, menu_sn, use_yn, reg_dt, rgtr_id, mdfcn_dt, mdfr_id) VALUES('A000802', '휴일 관리 등록/수정', '휴일 관리 등록/수정', '/hldy', 'M000800', 2, 'Y', 'N', NULL, '20250101', '20991231', '001002', 'Y', '2025-01-01 00:00:00.000', '[AUDIT_USER]', '2025-01-01 00:00:00.000', '[AUDIT_USER]');
INSERT INTO [DBSCHEMA].menu_table (menu_id, menu_nm, menu_expln, menu_url, up_menu_id, menu_dpth, menu_api_yn, menu_popup_yn, menu_user_dfn_vl, menu_bgng_ymd, menu_end_ymd, menu_sn, use_yn, reg_dt, rgtr_id, mdfcn_dt, mdfr_id) VALUES('A000803', '휴일 관리 삭제', '휴일 관리 삭제', '/hldy', 'M000800', 2, 'Y', 'N', NULL, '20250101', '20991231', '001003', 'Y', '2025-01-01 00:00:00.000', '[AUDIT_USER]', '2025-01-01 00:00:00.000', '[AUDIT_USER]');
INSERT INTO [DBSCHEMA].menu_table (menu_id, menu_nm, menu_expln, menu_url, up_menu_id, menu_dpth, menu_api_yn, menu_popup_yn, menu_user_dfn_vl, menu_bgng_ymd, menu_end_ymd, menu_sn, use_yn, reg_dt, rgtr_id, mdfcn_dt, mdfr_id) VALUES('A000804', '휴일 API 호출', '휴일 API 호출', '/hldy/api', 'M000800', 2, 'Y', 'N', NULL, '20250101', '20991231', '001003', 'Y', '2025-01-01 00:00:00.000', '[AUDIT_USER]', '2025-01-01 00:00:00.000', '[AUDIT_USER]');
INSERT INTO [DBSCHEMA].menu_table (menu_id, menu_nm, menu_expln, menu_url, up_menu_id, menu_dpth, menu_api_yn, menu_popup_yn, menu_user_dfn_vl, menu_bgng_ymd, menu_end_ymd, menu_sn, use_yn, reg_dt, rgtr_id, mdfcn_dt, mdfr_id) VALUES('M001000', '결재', '결재', '/atrz', NULL, 1, 'N', 'N', NULL, '20250101', '20991231', '001000', 'Y', '2025-01-01 00:00:00.000', '[AUDIT_USER]', '2025-01-01 00:00:00.000', '[AUDIT_USER]');
INSERT INTO [DBSCHEMA].menu_table (menu_id, menu_nm, menu_expln, menu_url, up_menu_id, menu_dpth, menu_api_yn, menu_popup_yn, menu_user_dfn_vl, menu_bgng_ymd, menu_end_ymd, menu_sn, use_yn, reg_dt, rgtr_id, mdfcn_dt, mdfr_id) VALUES('A001000', '결재 목록', '결재 목록 조회', '/atrz', 'M001000', 2, 'Y', 'N', NULL, '20250101', '20991231', '001000', 'Y', '2025-01-01 00:00:00.000', '[AUDIT_USER]', '2025-01-01 00:00:00.000', '[AUDIT_USER]');
INSERT INTO [DBSCHEMA].menu_table (menu_id, menu_nm, menu_expln, menu_url, up_menu_id, menu_dpth, menu_api_yn, menu_popup_yn, menu_user_dfn_vl, menu_bgng_ymd, menu_end_ymd, menu_sn, use_yn, reg_dt, rgtr_id, mdfcn_dt, mdfr_id) VALUES('A001001', '결재 상세', '결재 상세 조회', '/atrz/dtl', 'M001000', 2, 'Y', 'N', NULL, '20250101', '20991231', '001001', 'Y', '2025-01-01 00:00:00.000', '[AUDIT_USER]', '2025-01-01 00:00:00.000', '[AUDIT_USER]');
INSERT INTO [DBSCHEMA].menu_table (menu_id, menu_nm, menu_expln, menu_url, up_menu_id, menu_dpth, menu_api_yn, menu_popup_yn, menu_user_dfn_vl, menu_bgng_ymd, menu_end_ymd, menu_sn, use_yn, reg_dt, rgtr_id, mdfcn_dt, mdfr_id) VALUES('A001002', '결재 등록/수정', '결재 등록/수정', '/atrz', 'M001000', 2, 'Y', 'N', NULL, '20250101', '20991231', '001002', 'Y', '2025-01-01 00:00:00.000', '[AUDIT_USER]', '2025-01-01 00:00:00.000', '[AUDIT_USER]');
INSERT INTO [DBSCHEMA].menu_table (menu_id, menu_nm, menu_expln, menu_url, up_menu_id, menu_dpth, menu_api_yn, menu_popup_yn, menu_user_dfn_vl, menu_bgng_ymd, menu_end_ymd, menu_sn, use_yn, reg_dt, rgtr_id, mdfcn_dt, mdfr_id) VALUES('A001003', '결재 삭제', '결재 삭제', '/atrz', 'M001000', 2, 'Y', 'N', NULL, '20250101', '20991231', '001003', 'Y', '2025-01-01 00:00:00.000', '[AUDIT_USER]', '2025-01-01 00:00:00.000', '[AUDIT_USER]');
INSERT INTO [DBSCHEMA].menu_table (menu_id, menu_nm, menu_expln, menu_url, up_menu_id, menu_dpth, menu_api_yn, menu_popup_yn, menu_user_dfn_vl, menu_bgng_ymd, menu_end_ymd, menu_sn, use_yn, reg_dt, rgtr_id, mdfcn_dt, mdfr_id) VALUES('A001004', '내 결재 완료 목록', '내 결재 완료 목록 조회', '/atrz/cmptn', 'M001000', 2, 'Y', 'N', NULL, '20250101', '20991231', '001004', 'Y', '2025-01-01 00:00:00.000', '[AUDIT_USER]', '2025-01-01 00:00:00.000', '[AUDIT_USER]');
INSERT INTO [DBSCHEMA].menu_table (menu_id, menu_nm, menu_expln, menu_url, up_menu_id, menu_dpth, menu_api_yn, menu_popup_yn, menu_user_dfn_vl, menu_bgng_ymd, menu_end_ymd, menu_sn, use_yn, reg_dt, rgtr_id, mdfcn_dt, mdfr_id) VALUES('A001005', '내 결재 미완료 목록', '내 결재 완료 미목록 조회', '/atrz/un-cmptn', 'M001000', 2, 'Y', 'N', NULL, '20250101', '20991231', '001005', 'Y', '2025-01-01 00:00:00.000', '[AUDIT_USER]', '2025-01-01 00:00:00.000', '[AUDIT_USER]');
INSERT INTO [DBSCHEMA].menu_table (menu_id, menu_nm, menu_expln, menu_url, up_menu_id, menu_dpth, menu_api_yn, menu_popup_yn, menu_user_dfn_vl, menu_bgng_ymd, menu_end_ymd, menu_sn, use_yn, reg_dt, rgtr_id, mdfcn_dt, mdfr_id) VALUES('A001006', '결재 상태 수정', '결재 상태 수정', '/atrz/stts', 'M001000', 2, 'Y', 'N', NULL, '20250101', '20991231', '001006', 'Y', '2025-01-01 00:00:00.000', '[AUDIT_USER]', '2025-01-01 00:00:00.000', '[AUDIT_USER]');
INSERT INTO [DBSCHEMA].menu_table (menu_id, menu_nm, menu_expln, menu_url, up_menu_id, menu_dpth, menu_api_yn, menu_popup_yn, menu_user_dfn_vl, menu_bgng_ymd, menu_end_ymd, menu_sn, use_yn, reg_dt, rgtr_id, mdfcn_dt, mdfr_id) VALUES('M0010A0', '결재 의견', '결재 의견', '/atrz/opnn', NULL, 1, 'N', 'N', NULL, '20250101', '20991231', '001000', 'Y', '2025-01-01 00:00:00.000', '[AUDIT_USER]', '2025-01-01 00:00:00.000', '[AUDIT_USER]');
INSERT INTO [DBSCHEMA].menu_table (menu_id, menu_nm, menu_expln, menu_url, up_menu_id, menu_dpth, menu_api_yn, menu_popup_yn, menu_user_dfn_vl, menu_bgng_ymd, menu_end_ymd, menu_sn, use_yn, reg_dt, rgtr_id, mdfcn_dt, mdfr_id) VALUES('A0010A0', '결재 의견 목록', '결재 의견 목록 조회', '/atrz/opnn', 'M0010A0', 2, 'Y', 'N', NULL, '20250101', '20991231', '001000', 'Y', '2025-01-01 00:00:00.000', '[AUDIT_USER]', '2025-01-01 00:00:00.000', '[AUDIT_USER]');
INSERT INTO [DBSCHEMA].menu_table (menu_id, menu_nm, menu_expln, menu_url, up_menu_id, menu_dpth, menu_api_yn, menu_popup_yn, menu_user_dfn_vl, menu_bgng_ymd, menu_end_ymd, menu_sn, use_yn, reg_dt, rgtr_id, mdfcn_dt, mdfr_id) VALUES('A0010A1', '결재 의견 상세', '결재 의견 상세 조회', '/atrz/opnn/dtl', 'M0010A0', 2, 'Y', 'N', NULL, '20250101', '20991231', '001001', 'Y', '2025-01-01 00:00:00.000', '[AUDIT_USER]', '2025-01-01 00:00:00.000', '[AUDIT_USER]');
INSERT INTO [DBSCHEMA].menu_table (menu_id, menu_nm, menu_expln, menu_url, up_menu_id, menu_dpth, menu_api_yn, menu_popup_yn, menu_user_dfn_vl, menu_bgng_ymd, menu_end_ymd, menu_sn, use_yn, reg_dt, rgtr_id, mdfcn_dt, mdfr_id) VALUES('A0010A2', '결재 의견 등록/수정', '결재 의견 등록/수정', '/atrz/opnn', 'M0010A0', 2, 'Y', 'N', NULL, '20250101', '20991231', '001002', 'Y', '2025-01-01 00:00:00.000', '[AUDIT_USER]', '2025-01-01 00:00:00.000', '[AUDIT_USER]');
INSERT INTO [DBSCHEMA].menu_table (menu_id, menu_nm, menu_expln, menu_url, up_menu_id, menu_dpth, menu_api_yn, menu_popup_yn, menu_user_dfn_vl, menu_bgng_ymd, menu_end_ymd, menu_sn, use_yn, reg_dt, rgtr_id, mdfcn_dt, mdfr_id) VALUES('A0010A3', '결재 의견 삭제', '결재 의견 삭제', '/atrz/opnn', 'M0010A0', 2, 'Y', 'N', NULL, '20250101', '20991231', '001003', 'Y', '2025-01-01 00:00:00.000', '[AUDIT_USER]', '2025-01-01 00:00:00.000', '[AUDIT_USER]');
INSERT INTO [DBSCHEMA].menu_table (menu_id, menu_nm, menu_expln, menu_url, up_menu_id, menu_dpth, menu_api_yn, menu_popup_yn, menu_user_dfn_vl, menu_bgng_ymd, menu_end_ymd, menu_sn, use_yn, reg_dt, rgtr_id, mdfcn_dt, mdfr_id) VALUES('M0010B0', '결재 양식', '결재 양식', '/atrz/frm', NULL, 1, 'N', 'N', NULL, '20250101', '20991231', '001000', 'Y', '2025-01-01 00:00:00.000', '[AUDIT_USER]', '2025-01-01 00:00:00.000', '[AUDIT_USER]');
INSERT INTO [DBSCHEMA].menu_table (menu_id, menu_nm, menu_expln, menu_url, up_menu_id, menu_dpth, menu_api_yn, menu_popup_yn, menu_user_dfn_vl, menu_bgng_ymd, menu_end_ymd, menu_sn, use_yn, reg_dt, rgtr_id, mdfcn_dt, mdfr_id) VALUES('A0010B0', '결재 양식 목록', '결재 양식 목록 조회', '/atrz/frm', 'M0010B0', 2, 'Y', 'N', NULL, '20250101', '20991231', '001000', 'Y', '2025-01-01 00:00:00.000', '[AUDIT_USER]', '2025-01-01 00:00:00.000', '[AUDIT_USER]');
INSERT INTO [DBSCHEMA].menu_table (menu_id, menu_nm, menu_expln, menu_url, up_menu_id, menu_dpth, menu_api_yn, menu_popup_yn, menu_user_dfn_vl, menu_bgng_ymd, menu_end_ymd, menu_sn, use_yn, reg_dt, rgtr_id, mdfcn_dt, mdfr_id) VALUES('A0010B1', '결재 양식 상세', '결재 양식 상세 조회', '/atrz/frm/dtl', 'M0010B0', 2, 'Y', 'N', NULL, '20250101', '20991231', '001001', 'Y', '2025-01-01 00:00:00.000', '[AUDIT_USER]', '2025-01-01 00:00:00.000', '[AUDIT_USER]');
INSERT INTO [DBSCHEMA].menu_table (menu_id, menu_nm, menu_expln, menu_url, up_menu_id, menu_dpth, menu_api_yn, menu_popup_yn, menu_user_dfn_vl, menu_bgng_ymd, menu_end_ymd, menu_sn, use_yn, reg_dt, rgtr_id, mdfcn_dt, mdfr_id) VALUES('A0010B2', '결재 양식 등록/수정', '결재 양식 등록/수정', '/atrz/frm', 'M0010B0', 2, 'Y', 'N', NULL, '20250101', '20991231', '001002', 'Y', '2025-01-01 00:00:00.000', '[AUDIT_USER]', '2025-01-01 00:00:00.000', '[AUDIT_USER]');
INSERT INTO [DBSCHEMA].menu_table (menu_id, menu_nm, menu_expln, menu_url, up_menu_id, menu_dpth, menu_api_yn, menu_popup_yn, menu_user_dfn_vl, menu_bgng_ymd, menu_end_ymd, menu_sn, use_yn, reg_dt, rgtr_id, mdfcn_dt, mdfr_id) VALUES('A0010B3', '결재 양식 삭제', '결재 양식 삭제', '/atrz/frm', 'M0010B0', 2, 'Y', 'N', NULL, '20250101', '20991231', '001003', 'Y', '2025-01-01 00:00:00.000', '[AUDIT_USER]', '2025-01-01 00:00:00.000', '[AUDIT_USER]');
INSERT INTO [DBSCHEMA].menu_table (menu_id, menu_nm, menu_expln, menu_url, up_menu_id, menu_dpth, menu_api_yn, menu_popup_yn, menu_user_dfn_vl, menu_bgng_ymd, menu_end_ymd, menu_sn, use_yn, reg_dt, rgtr_id, mdfcn_dt, mdfr_id) VALUES('M001100', '일정 관리', '일정 관리', '/schdl', NULL, 1, 'N', 'N', NULL, '20250101', '20991231', '001100', 'Y', '2025-01-01 00:00:00.000', '[AUDIT_USER]', '2025-01-01 00:00:00.000', '[AUDIT_USER]');
INSERT INTO [DBSCHEMA].menu_table (menu_id, menu_nm, menu_expln, menu_url, up_menu_id, menu_dpth, menu_api_yn, menu_popup_yn, menu_user_dfn_vl, menu_bgng_ymd, menu_end_ymd, menu_sn, use_yn, reg_dt, rgtr_id, mdfcn_dt, mdfr_id) VALUES('A001100', '공개 일정 목록', '공개 일정 목록 조회', '/schdl', 'M001100', 2, 'Y', 'N', NULL, '20250101', '20991231', '001100', 'Y', '2025-01-01 00:00:00.000', '[AUDIT_USER]', '2025-01-01 00:00:00.000', '[AUDIT_USER]');
INSERT INTO [DBSCHEMA].menu_table (menu_id, menu_nm, menu_expln, menu_url, up_menu_id, menu_dpth, menu_api_yn, menu_popup_yn, menu_user_dfn_vl, menu_bgng_ymd, menu_end_ymd, menu_sn, use_yn, reg_dt, rgtr_id, mdfcn_dt, mdfr_id) VALUES('A001101', '일정 상세', '일정 상세 조회', '/schdl/dtl', 'M001100', 2, 'Y', 'N', NULL, '20250101', '20991231', '001101', 'Y', '2025-01-01 00:00:00.000', '[AUDIT_USER]', '2025-01-01 00:00:00.000', '[AUDIT_USER]');
INSERT INTO [DBSCHEMA].menu_table (menu_id, menu_nm, menu_expln, menu_url, up_menu_id, menu_dpth, menu_api_yn, menu_popup_yn, menu_user_dfn_vl, menu_bgng_ymd, menu_end_ymd, menu_sn, use_yn, reg_dt, rgtr_id, mdfcn_dt, mdfr_id) VALUES('A001102', '일정 등록/수정', '일정 등록/수정', '/schdl', 'M001100', 2, 'Y', 'N', NULL, '20250101', '20991231', '001102', 'Y', '2025-01-01 00:00:00.000', '[AUDIT_USER]', '2025-01-01 00:00:00.000', '[AUDIT_USER]');
INSERT INTO [DBSCHEMA].menu_table (menu_id, menu_nm, menu_expln, menu_url, up_menu_id, menu_dpth, menu_api_yn, menu_popup_yn, menu_user_dfn_vl, menu_bgng_ymd, menu_end_ymd, menu_sn, use_yn, reg_dt, rgtr_id, mdfcn_dt, mdfr_id) VALUES('A001103', '일정 삭제', '일정 삭제', '/schdl', 'M001100', 2, 'Y', 'N', NULL, '20250101', '20991231', '001103', 'Y', '2025-01-01 00:00:00.000', '[AUDIT_USER]', '2025-01-01 00:00:00.000', '[AUDIT_USER]');
INSERT INTO [DBSCHEMA].menu_table (menu_id, menu_nm, menu_expln, menu_url, up_menu_id, menu_dpth, menu_api_yn, menu_popup_yn, menu_user_dfn_vl, menu_bgng_ymd, menu_end_ymd, menu_sn, use_yn, reg_dt, rgtr_id, mdfcn_dt, mdfr_id) VALUES('A001104', '내 일정 목록', '내 일정 목록 조회', '/schdl/my', 'M001100', 2, 'Y', 'N', NULL, '20250101', '20991231', '001104', 'Y', '2025-01-01 00:00:00.000', '[AUDIT_USER]', '2025-01-01 00:00:00.000', '[AUDIT_USER]');
INSERT INTO [DBSCHEMA].menu_table (menu_id, menu_nm, menu_expln, menu_url, up_menu_id, menu_dpth, menu_api_yn, menu_popup_yn, menu_user_dfn_vl, menu_bgng_ymd, menu_end_ymd, menu_sn, use_yn, reg_dt, rgtr_id, mdfcn_dt, mdfr_id) VALUES('M001200', '근태 현황', '근태 현황', '/atdc', NULL, 1, 'N', 'N', NULL, '20250101', '20991231', '001200', 'Y', '2025-01-01 00:00:00.000', '[AUDIT_USER]', '2025-01-01 00:00:00.000', '[AUDIT_USER]');
INSERT INTO [DBSCHEMA].menu_table (menu_id, menu_nm, menu_expln, menu_url, up_menu_id, menu_dpth, menu_api_yn, menu_popup_yn, menu_user_dfn_vl, menu_bgng_ymd, menu_end_ymd, menu_sn, use_yn, reg_dt, rgtr_id, mdfcn_dt, mdfr_id) VALUES('A001200', '근태 목록', '근태 목록 조회', '/atdc', 'M001200', 2, 'Y', 'N', NULL, '20250101', '20991231', '001200', 'Y', '2025-01-01 00:00:00.000', '[AUDIT_USER]', '2025-01-01 00:00:00.000', '[AUDIT_USER]');
INSERT INTO [DBSCHEMA].menu_table (menu_id, menu_nm, menu_expln, menu_url, up_menu_id, menu_dpth, menu_api_yn, menu_popup_yn, menu_user_dfn_vl, menu_bgng_ymd, menu_end_ymd, menu_sn, use_yn, reg_dt, rgtr_id, mdfcn_dt, mdfr_id) VALUES('A001201', '근태 상세', '근태 상세 조회', '/atdc/dtl', 'M001200', 2, 'Y', 'N', NULL, '20250101', '20991231', '001201', 'Y', '2025-01-01 00:00:00.000', '[AUDIT_USER]', '2025-01-01 00:00:00.000', '[AUDIT_USER]');
INSERT INTO [DBSCHEMA].menu_table (menu_id, menu_nm, menu_expln, menu_url, up_menu_id, menu_dpth, menu_api_yn, menu_popup_yn, menu_user_dfn_vl, menu_bgng_ymd, menu_end_ymd, menu_sn, use_yn, reg_dt, rgtr_id, mdfcn_dt, mdfr_id) VALUES('A001202', '근태 등록/수정', '근태 등록/수정', '/atdc', 'M001200', 2, 'Y', 'N', NULL, '20250101', '20991231', '001202', 'Y', '2025-01-01 00:00:00.000', '[AUDIT_USER]', '2025-01-01 00:00:00.000', '[AUDIT_USER]');
INSERT INTO [DBSCHEMA].menu_table (menu_id, menu_nm, menu_expln, menu_url, up_menu_id, menu_dpth, menu_api_yn, menu_popup_yn, menu_user_dfn_vl, menu_bgng_ymd, menu_end_ymd, menu_sn, use_yn, reg_dt, rgtr_id, mdfcn_dt, mdfr_id) VALUES('A001203', '근태 삭제', '근태 삭제', '/atdc', 'M001200', 2, 'Y', 'N', NULL, '20250101', '20991231', '001203', 'Y', '2025-01-01 00:00:00.000', '[AUDIT_USER]', '2025-01-01 00:00:00.000', '[AUDIT_USER]');
INSERT INTO [DBSCHEMA].menu_table (menu_id, menu_nm, menu_expln, menu_url, up_menu_id, menu_dpth, menu_api_yn, menu_popup_yn, menu_user_dfn_vl, menu_bgng_ymd, menu_end_ymd, menu_sn, use_yn, reg_dt, rgtr_id, mdfcn_dt, mdfr_id) VALUES('A001204', '내 근태 목록', '내 근태 목록 조회', '/atdc/my', 'M001200', 2, 'Y', 'N', NULL, '20250101', '20991231', '001204', 'Y', '2025-01-01 00:00:00.000', '[AUDIT_USER]', '2025-01-01 00:00:00.000', '[AUDIT_USER]');
INSERT INTO [DBSCHEMA].menu_table (menu_id, menu_nm, menu_expln, menu_url, up_menu_id, menu_dpth, menu_api_yn, menu_popup_yn, menu_user_dfn_vl, menu_bgng_ymd, menu_end_ymd, menu_sn, use_yn, reg_dt, rgtr_id, mdfcn_dt, mdfr_id) VALUES('A001205', '근태 정보 목록', '근태 정보 목록 조회', '/atdc/info', 'M001200', 2, 'Y', 'N', NULL, '20250101', '20991231', '001205', 'Y', '2025-01-01 00:00:00.000', '[AUDIT_USER]', '2025-01-01 00:00:00.000', '[AUDIT_USER]');
INSERT INTO [DBSCHEMA].menu_table (menu_id, menu_nm, menu_expln, menu_url, up_menu_id, menu_dpth, menu_api_yn, menu_popup_yn, menu_user_dfn_vl, menu_bgng_ymd, menu_end_ymd, menu_sn, use_yn, reg_dt, rgtr_id, mdfcn_dt, mdfr_id) VALUES('A001206', '내 근태 정보 목록', '내 근태 정보 목록 조회', '/atdc/my/info', 'M001200', 2, 'Y', 'N', NULL, '20250101', '20991231', '001206', 'Y', '2025-01-01 00:00:00.000', '[AUDIT_USER]', '2025-01-01 00:00:00.000', '[AUDIT_USER]');
INSERT INTO [DBSCHEMA].menu_table (menu_id, menu_nm, menu_expln, menu_url, up_menu_id, menu_dpth, menu_api_yn, menu_popup_yn, menu_user_dfn_vl, menu_bgng_ymd, menu_end_ymd, menu_sn, use_yn, reg_dt, rgtr_id, mdfcn_dt, mdfr_id) VALUES('M001300', '휴가 현황', '휴가 현황', '/vctn', NULL, 1, 'N', 'N', NULL, '20250101', '20991231', '001300', 'Y', '2025-01-01 00:00:00.000', '[AUDIT_USER]', '2025-01-01 00:00:00.000', '[AUDIT_USER]');
INSERT INTO [DBSCHEMA].menu_table (menu_id, menu_nm, menu_expln, menu_url, up_menu_id, menu_dpth, menu_api_yn, menu_popup_yn, menu_user_dfn_vl, menu_bgng_ymd, menu_end_ymd, menu_sn, use_yn, reg_dt, rgtr_id, mdfcn_dt, mdfr_id) VALUES('A001300', '휴가 목록', '휴가 목록 조회', '/vctn', 'M001300', 2, 'Y', 'N', NULL, '20250101', '20991231', '001300', 'Y', '2025-01-01 00:00:00.000', '[AUDIT_USER]', '2025-01-01 00:00:00.000', '[AUDIT_USER]');
INSERT INTO [DBSCHEMA].menu_table (menu_id, menu_nm, menu_expln, menu_url, up_menu_id, menu_dpth, menu_api_yn, menu_popup_yn, menu_user_dfn_vl, menu_bgng_ymd, menu_end_ymd, menu_sn, use_yn, reg_dt, rgtr_id, mdfcn_dt, mdfr_id) VALUES('A001301', '휴가 상세', '휴가 상세 조회', '/vctn/dtl', 'M001300', 2, 'Y', 'N', NULL, '20250101', '20991231', '001301', 'Y', '2025-01-01 00:00:00.000', '[AUDIT_USER]', '2025-01-01 00:00:00.000', '[AUDIT_USER]');
INSERT INTO [DBSCHEMA].menu_table (menu_id, menu_nm, menu_expln, menu_url, up_menu_id, menu_dpth, menu_api_yn, menu_popup_yn, menu_user_dfn_vl, menu_bgng_ymd, menu_end_ymd, menu_sn, use_yn, reg_dt, rgtr_id, mdfcn_dt, mdfr_id) VALUES('A001302', '휴가 등록/수정', '휴가 등록/수정', '/vctn', 'M001300', 2, 'Y', 'N', NULL, '20250101', '20991231', '001302', 'Y', '2025-01-01 00:00:00.000', '[AUDIT_USER]', '2025-01-01 00:00:00.000', '[AUDIT_USER]');
INSERT INTO [DBSCHEMA].menu_table (menu_id, menu_nm, menu_expln, menu_url, up_menu_id, menu_dpth, menu_api_yn, menu_popup_yn, menu_user_dfn_vl, menu_bgng_ymd, menu_end_ymd, menu_sn, use_yn, reg_dt, rgtr_id, mdfcn_dt, mdfr_id) VALUES('A001303', '휴가 삭제', '휴가 삭제', '/vctn', 'M001300', 2, 'Y', 'N', NULL, '20250101', '20991231', '001303', 'Y', '2025-01-01 00:00:00.000', '[AUDIT_USER]', '2025-01-01 00:00:00.000', '[AUDIT_USER]');
INSERT INTO [DBSCHEMA].menu_table (menu_id, menu_nm, menu_expln, menu_url, up_menu_id, menu_dpth, menu_api_yn, menu_popup_yn, menu_user_dfn_vl, menu_bgng_ymd, menu_end_ymd, menu_sn, use_yn, reg_dt, rgtr_id, mdfcn_dt, mdfr_id) VALUES('A001304', '휴가 정보 목록', '휴가 정보 목록 조회', '/vctn/info', 'M001300', 2, 'Y', 'N', NULL, '20250101', '20991231', '001304', 'Y', '2025-01-01 00:00:00.000', '[AUDIT_USER]', '2025-01-01 00:00:00.000', '[AUDIT_USER]');
INSERT INTO [DBSCHEMA].menu_table (menu_id, menu_nm, menu_expln, menu_url, up_menu_id, menu_dpth, menu_api_yn, menu_popup_yn, menu_user_dfn_vl, menu_bgng_ymd, menu_end_ymd, menu_sn, use_yn, reg_dt, rgtr_id, mdfcn_dt, mdfr_id) VALUES('A001305', '내 휴가 목록', '내 휴가 목록 조회', '/vctn/my', 'M001300', 2, 'Y', 'N', NULL, '20250101', '20991231', '001305', 'Y', '2025-01-01 00:00:00.000', '[AUDIT_USER]', '2025-01-01 00:00:00.000', '[AUDIT_USER]');
INSERT INTO [DBSCHEMA].menu_table (menu_id, menu_nm, menu_expln, menu_url, up_menu_id, menu_dpth, menu_api_yn, menu_popup_yn, menu_user_dfn_vl, menu_bgng_ymd, menu_end_ymd, menu_sn, use_yn, reg_dt, rgtr_id, mdfcn_dt, mdfr_id) VALUES('A001306', '내 휴가 정보 목록', '내 휴가 정보 목록 조회', '/vctn/my/info', 'M001300', 2, 'Y', 'N', NULL, '20250101', '20991231', '001306', 'Y', '2025-01-01 00:00:00.000', '[AUDIT_USER]', '2025-01-01 00:00:00.000', '[AUDIT_USER]');

---- authrt_table ----
INSERT INTO [DBSCHEMA].authrt_table (authrt_se_cd, menu_id, authrt_bgng_ymd, authrt_end_ymd, mthd_list, use_yn, reg_dt, rgtr_id, mdfcn_dt, mdfr_id) VALUES('00000', 'A000100', '20250101', '29991231', 'POST', 'Y', '2025-01-01 00:00:00.000', '[AUDIT_USER]', '2025-01-01 00:00:00.000', '[AUDIT_USER]');
INSERT INTO [DBSCHEMA].authrt_table (authrt_se_cd, menu_id, authrt_bgng_ymd, authrt_end_ymd, mthd_list, use_yn, reg_dt, rgtr_id, mdfcn_dt, mdfr_id) VALUES('00010', 'A000101', '20250101', '29991231', 'GET', 'Y', '2025-01-01 00:00:00.000', '[AUDIT_USER]', '2025-01-01 00:00:00.000', '[AUDIT_USER]');
INSERT INTO [DBSCHEMA].authrt_table (authrt_se_cd, menu_id, authrt_bgng_ymd, authrt_end_ymd, mthd_list, use_yn, reg_dt, rgtr_id, mdfcn_dt, mdfr_id) VALUES('00010', 'A000102', '20250101', '29991231', 'GET', 'Y', '2025-01-01 00:00:00.000', '[AUDIT_USER]', '2025-01-01 00:00:00.000', '[AUDIT_USER]');
INSERT INTO [DBSCHEMA].authrt_table (authrt_se_cd, menu_id, authrt_bgng_ymd, authrt_end_ymd, mthd_list, use_yn, reg_dt, rgtr_id, mdfcn_dt, mdfr_id) VALUES('00010', 'A000103', '20250101', '29991231', 'POST', 'Y', '2025-01-01 00:00:00.000', '[AUDIT_USER]', '2025-01-01 00:00:00.000', '[AUDIT_USER]');
INSERT INTO [DBSCHEMA].authrt_table (authrt_se_cd, menu_id, authrt_bgng_ymd, authrt_end_ymd, mthd_list, use_yn, reg_dt, rgtr_id, mdfcn_dt, mdfr_id) VALUES('00010', 'A000104', '20250101', '29991231', 'DELETE', 'Y', '2025-01-01 00:00:00.000', '[AUDIT_USER]', '2025-01-01 00:00:00.000', '[AUDIT_USER]');
INSERT INTO [DBSCHEMA].authrt_table (authrt_se_cd, menu_id, authrt_bgng_ymd, authrt_end_ymd, mthd_list, use_yn, reg_dt, rgtr_id, mdfcn_dt, mdfr_id) VALUES('00010', 'A000105', '20250101', '29991231', 'GET', 'Y', '2025-01-01 00:00:00.000', '[AUDIT_USER]', '2025-01-01 00:00:00.000', '[AUDIT_USER]');
INSERT INTO [DBSCHEMA].authrt_table (authrt_se_cd, menu_id, authrt_bgng_ymd, authrt_end_ymd, mthd_list, use_yn, reg_dt, rgtr_id, mdfcn_dt, mdfr_id) VALUES('00020', 'A000105', '20250101', '29991231', 'GET', 'Y', '2025-01-01 00:00:00.000', '[AUDIT_USER]', '2025-01-01 00:00:00.000', '[AUDIT_USER]');
INSERT INTO [DBSCHEMA].authrt_table (authrt_se_cd, menu_id, authrt_bgng_ymd, authrt_end_ymd, mthd_list, use_yn, reg_dt, rgtr_id, mdfcn_dt, mdfr_id) VALUES('00030', 'A000105', '20250101', '29991231', 'GET', 'Y', '2025-01-01 00:00:00.000', '[AUDIT_USER]', '2025-01-01 00:00:00.000', '[AUDIT_USER]');
INSERT INTO [DBSCHEMA].authrt_table (authrt_se_cd, menu_id, authrt_bgng_ymd, authrt_end_ymd, mthd_list, use_yn, reg_dt, rgtr_id, mdfcn_dt, mdfr_id) VALUES('00010', 'A000106', '20250101', '29991231', 'GET', 'Y', '2025-01-01 00:00:00.000', '[AUDIT_USER]', '2025-01-01 00:00:00.000', '[AUDIT_USER]');
INSERT INTO [DBSCHEMA].authrt_table (authrt_se_cd, menu_id, authrt_bgng_ymd, authrt_end_ymd, mthd_list, use_yn, reg_dt, rgtr_id, mdfcn_dt, mdfr_id) VALUES('00020', 'A000106', '20250101', '29991231', 'GET', 'Y', '2025-01-01 00:00:00.000', '[AUDIT_USER]', '2025-01-01 00:00:00.000', '[AUDIT_USER]');
INSERT INTO [DBSCHEMA].authrt_table (authrt_se_cd, menu_id, authrt_bgng_ymd, authrt_end_ymd, mthd_list, use_yn, reg_dt, rgtr_id, mdfcn_dt, mdfr_id) VALUES('00030', 'A000106', '20250101', '29991231', 'GET', 'Y', '2025-01-01 00:00:00.000', '[AUDIT_USER]', '2025-01-01 00:00:00.000', '[AUDIT_USER]');
INSERT INTO [DBSCHEMA].authrt_table (authrt_se_cd, menu_id, authrt_bgng_ymd, authrt_end_ymd, mthd_list, use_yn, reg_dt, rgtr_id, mdfcn_dt, mdfr_id) VALUES('00010', 'A000200', '20250101', '29991231', 'GET', 'Y', '2025-01-01 00:00:00.000', '[AUDIT_USER]', '2025-01-01 00:00:00.000', '[AUDIT_USER]');
INSERT INTO [DBSCHEMA].authrt_table (authrt_se_cd, menu_id, authrt_bgng_ymd, authrt_end_ymd, mthd_list, use_yn, reg_dt, rgtr_id, mdfcn_dt, mdfr_id) VALUES('00010', 'A000201', '20250101', '29991231', 'GET', 'Y', '2025-01-01 00:00:00.000', '[AUDIT_USER]', '2025-01-01 00:00:00.000', '[AUDIT_USER]');
INSERT INTO [DBSCHEMA].authrt_table (authrt_se_cd, menu_id, authrt_bgng_ymd, authrt_end_ymd, mthd_list, use_yn, reg_dt, rgtr_id, mdfcn_dt, mdfr_id) VALUES('00010', 'A000202', '20250101', '29991231', 'POST', 'Y', '2025-01-01 00:00:00.000', '[AUDIT_USER]', '2025-01-01 00:00:00.000', '[AUDIT_USER]');
INSERT INTO [DBSCHEMA].authrt_table (authrt_se_cd, menu_id, authrt_bgng_ymd, authrt_end_ymd, mthd_list, use_yn, reg_dt, rgtr_id, mdfcn_dt, mdfr_id) VALUES('00010', 'A000203', '20250101', '29991231', 'DELETE', 'Y', '2025-01-01 00:00:00.000', '[AUDIT_USER]', '2025-01-01 00:00:00.000', '[AUDIT_USER]');
INSERT INTO [DBSCHEMA].authrt_table (authrt_se_cd, menu_id, authrt_bgng_ymd, authrt_end_ymd, mthd_list, use_yn, reg_dt, rgtr_id, mdfcn_dt, mdfr_id) VALUES('00010', 'A000300', '20250101', '29991231', 'GET', 'Y', '2025-01-01 00:00:00.000', '[AUDIT_USER]', '2025-01-01 00:00:00.000', '[AUDIT_USER]');
INSERT INTO [DBSCHEMA].authrt_table (authrt_se_cd, menu_id, authrt_bgng_ymd, authrt_end_ymd, mthd_list, use_yn, reg_dt, rgtr_id, mdfcn_dt, mdfr_id) VALUES('00010', 'A000301', '20250101', '29991231', 'GET', 'Y', '2025-01-01 00:00:00.000', '[AUDIT_USER]', '2025-01-01 00:00:00.000', '[AUDIT_USER]');
INSERT INTO [DBSCHEMA].authrt_table (authrt_se_cd, menu_id, authrt_bgng_ymd, authrt_end_ymd, mthd_list, use_yn, reg_dt, rgtr_id, mdfcn_dt, mdfr_id) VALUES('00010', 'A000302', '20250101', '29991231', 'POST', 'Y', '2025-01-01 00:00:00.000', '[AUDIT_USER]', '2025-01-01 00:00:00.000', '[AUDIT_USER]');
INSERT INTO [DBSCHEMA].authrt_table (authrt_se_cd, menu_id, authrt_bgng_ymd, authrt_end_ymd, mthd_list, use_yn, reg_dt, rgtr_id, mdfcn_dt, mdfr_id) VALUES('00010', 'A000303', '20250101', '29991231', 'DELETE', 'Y', '2025-01-01 00:00:00.000', '[AUDIT_USER]', '2025-01-01 00:00:00.000', '[AUDIT_USER]');
INSERT INTO [DBSCHEMA].authrt_table (authrt_se_cd, menu_id, authrt_bgng_ymd, authrt_end_ymd, mthd_list, use_yn, reg_dt, rgtr_id, mdfcn_dt, mdfr_id) VALUES('00010', 'A000400', '20250101', '29991231', 'GET', 'Y', '2025-01-01 00:00:00.000', '[AUDIT_USER]', '2025-01-01 00:00:00.000', '[AUDIT_USER]');
INSERT INTO [DBSCHEMA].authrt_table (authrt_se_cd, menu_id, authrt_bgng_ymd, authrt_end_ymd, mthd_list, use_yn, reg_dt, rgtr_id, mdfcn_dt, mdfr_id) VALUES('00010', 'A000401', '20250101', '29991231', 'GET', 'Y', '2025-01-01 00:00:00.000', '[AUDIT_USER]', '2025-01-01 00:00:00.000', '[AUDIT_USER]');
INSERT INTO [DBSCHEMA].authrt_table (authrt_se_cd, menu_id, authrt_bgng_ymd, authrt_end_ymd, mthd_list, use_yn, reg_dt, rgtr_id, mdfcn_dt, mdfr_id) VALUES('00010', 'A000402', '20250101', '29991231', 'POST', 'Y', '2025-01-01 00:00:00.000', '[AUDIT_USER]', '2025-01-01 00:00:00.000', '[AUDIT_USER]');
INSERT INTO [DBSCHEMA].authrt_table (authrt_se_cd, menu_id, authrt_bgng_ymd, authrt_end_ymd, mthd_list, use_yn, reg_dt, rgtr_id, mdfcn_dt, mdfr_id) VALUES('00010', 'A000403', '20250101', '29991231', 'DELETE', 'Y', '2025-01-01 00:00:00.000', '[AUDIT_USER]', '2025-01-01 00:00:00.000', '[AUDIT_USER]');
INSERT INTO [DBSCHEMA].authrt_table (authrt_se_cd, menu_id, authrt_bgng_ymd, authrt_end_ymd, mthd_list, use_yn, reg_dt, rgtr_id, mdfcn_dt, mdfr_id) VALUES('00010', 'A000500', '20250101', '29991231', 'GET', 'Y', '2025-01-01 00:00:00.000', '[AUDIT_USER]', '2025-01-01 00:00:00.000', '[AUDIT_USER]');
INSERT INTO [DBSCHEMA].authrt_table (authrt_se_cd, menu_id, authrt_bgng_ymd, authrt_end_ymd, mthd_list, use_yn, reg_dt, rgtr_id, mdfcn_dt, mdfr_id) VALUES('00010', 'A000501', '20250101', '29991231', 'GET', 'Y', '2025-01-01 00:00:00.000', '[AUDIT_USER]', '2025-01-01 00:00:00.000', '[AUDIT_USER]');
INSERT INTO [DBSCHEMA].authrt_table (authrt_se_cd, menu_id, authrt_bgng_ymd, authrt_end_ymd, mthd_list, use_yn, reg_dt, rgtr_id, mdfcn_dt, mdfr_id) VALUES('00010', 'A000502', '20250101', '29991231', 'POST', 'Y', '2025-01-01 00:00:00.000', '[AUDIT_USER]', '2025-01-01 00:00:00.000', '[AUDIT_USER]');
INSERT INTO [DBSCHEMA].authrt_table (authrt_se_cd, menu_id, authrt_bgng_ymd, authrt_end_ymd, mthd_list, use_yn, reg_dt, rgtr_id, mdfcn_dt, mdfr_id) VALUES('00010', 'A000503', '20250101', '29991231', 'DELETE', 'Y', '2025-01-01 00:00:00.000', '[AUDIT_USER]', '2025-01-01 00:00:00.000', '[AUDIT_USER]');
INSERT INTO [DBSCHEMA].authrt_table (authrt_se_cd, menu_id, authrt_bgng_ymd, authrt_end_ymd, mthd_list, use_yn, reg_dt, rgtr_id, mdfcn_dt, mdfr_id) VALUES('00010', 'A000600', '20250101', '29991231', 'GET', 'Y', '2025-01-01 00:00:00.000', '[AUDIT_USER]', '2025-01-01 00:00:00.000', '[AUDIT_USER]');
INSERT INTO [DBSCHEMA].authrt_table (authrt_se_cd, menu_id, authrt_bgng_ymd, authrt_end_ymd, mthd_list, use_yn, reg_dt, rgtr_id, mdfcn_dt, mdfr_id) VALUES('00010', 'A000601', '20250101', '29991231', 'GET', 'Y', '2025-01-01 00:00:00.000', '[AUDIT_USER]', '2025-01-01 00:00:00.000', '[AUDIT_USER]');
INSERT INTO [DBSCHEMA].authrt_table (authrt_se_cd, menu_id, authrt_bgng_ymd, authrt_end_ymd, mthd_list, use_yn, reg_dt, rgtr_id, mdfcn_dt, mdfr_id) VALUES('00010', 'A000602', '20250101', '29991231', 'POST', 'Y', '2025-01-01 00:00:00.000', '[AUDIT_USER]', '2025-01-01 00:00:00.000', '[AUDIT_USER]');
INSERT INTO [DBSCHEMA].authrt_table (authrt_se_cd, menu_id, authrt_bgng_ymd, authrt_end_ymd, mthd_list, use_yn, reg_dt, rgtr_id, mdfcn_dt, mdfr_id) VALUES('00010', 'A000603', '20250101', '29991231', 'DELETE', 'Y', '2025-01-01 00:00:00.000', '[AUDIT_USER]', '2025-01-01 00:00:00.000', '[AUDIT_USER]');
INSERT INTO [DBSCHEMA].authrt_table (authrt_se_cd, menu_id, authrt_bgng_ymd, authrt_end_ymd, mthd_list, use_yn, reg_dt, rgtr_id, mdfcn_dt, mdfr_id) VALUES('00010', 'A000604', '20250101', '29991231', 'GET', 'Y', '2025-01-01 00:00:00.000', '[AUDIT_USER]', '2025-01-01 00:00:00.000', '[AUDIT_USER]');
INSERT INTO [DBSCHEMA].authrt_table (authrt_se_cd, menu_id, authrt_bgng_ymd, authrt_end_ymd, mthd_list, use_yn, reg_dt, rgtr_id, mdfcn_dt, mdfr_id) VALUES('00020', 'A000604', '20250101', '29991231', 'GET', 'Y', '2025-01-01 00:00:00.000', '[AUDIT_USER]', '2025-01-01 00:00:00.000', '[AUDIT_USER]');
INSERT INTO [DBSCHEMA].authrt_table (authrt_se_cd, menu_id, authrt_bgng_ymd, authrt_end_ymd, mthd_list, use_yn, reg_dt, rgtr_id, mdfcn_dt, mdfr_id) VALUES('00030', 'A000604', '20250101', '29991231', 'GET', 'Y', '2025-01-01 00:00:00.000', '[AUDIT_USER]', '2025-01-01 00:00:00.000', '[AUDIT_USER]');
INSERT INTO [DBSCHEMA].authrt_table (authrt_se_cd, menu_id, authrt_bgng_ymd, authrt_end_ymd, mthd_list, use_yn, reg_dt, rgtr_id, mdfcn_dt, mdfr_id) VALUES('00010', 'A000605', '20250101', '29991231', 'GET', 'Y', '2025-01-01 00:00:00.000', '[AUDIT_USER]', '2025-01-01 00:00:00.000', '[AUDIT_USER]');
INSERT INTO [DBSCHEMA].authrt_table (authrt_se_cd, menu_id, authrt_bgng_ymd, authrt_end_ymd, mthd_list, use_yn, reg_dt, rgtr_id, mdfcn_dt, mdfr_id) VALUES('00020', 'A000605', '20250101', '29991231', 'GET', 'Y', '2025-01-01 00:00:00.000', '[AUDIT_USER]', '2025-01-01 00:00:00.000', '[AUDIT_USER]');
INSERT INTO [DBSCHEMA].authrt_table (authrt_se_cd, menu_id, authrt_bgng_ymd, authrt_end_ymd, mthd_list, use_yn, reg_dt, rgtr_id, mdfcn_dt, mdfr_id) VALUES('00030', 'A000605', '20250101', '29991231', 'GET', 'Y', '2025-01-01 00:00:00.000', '[AUDIT_USER]', '2025-01-01 00:00:00.000', '[AUDIT_USER]');
INSERT INTO [DBSCHEMA].authrt_table (authrt_se_cd, menu_id, authrt_bgng_ymd, authrt_end_ymd, mthd_list, use_yn, reg_dt, rgtr_id, mdfcn_dt, mdfr_id) VALUES('00010', 'A000700', '20250101', '29991231', 'GET', 'Y', '2025-01-01 00:00:00.000', '[AUDIT_USER]', '2025-01-01 00:00:00.000', '[AUDIT_USER]');
INSERT INTO [DBSCHEMA].authrt_table (authrt_se_cd, menu_id, authrt_bgng_ymd, authrt_end_ymd, mthd_list, use_yn, reg_dt, rgtr_id, mdfcn_dt, mdfr_id) VALUES('00010', 'A000701', '20250101', '29991231', 'GET', 'Y', '2025-01-01 00:00:00.000', '[AUDIT_USER]', '2025-01-01 00:00:00.000', '[AUDIT_USER]');
INSERT INTO [DBSCHEMA].authrt_table (authrt_se_cd, menu_id, authrt_bgng_ymd, authrt_end_ymd, mthd_list, use_yn, reg_dt, rgtr_id, mdfcn_dt, mdfr_id) VALUES('00010', 'A000702', '20250101', '29991231', 'DELETE', 'Y', '2025-01-01 00:00:00.000', '[AUDIT_USER]', '2025-01-01 00:00:00.000', '[AUDIT_USER]');
INSERT INTO [DBSCHEMA].authrt_table (authrt_se_cd, menu_id, authrt_bgng_ymd, authrt_end_ymd, mthd_list, use_yn, reg_dt, rgtr_id, mdfcn_dt, mdfr_id) VALUES('00010', 'A000703', '20250101', '29991231', 'GET', 'Y', '2025-01-01 00:00:00.000', '[AUDIT_USER]', '2025-01-01 00:00:00.000', '[AUDIT_USER]');
INSERT INTO [DBSCHEMA].authrt_table (authrt_se_cd, menu_id, authrt_bgng_ymd, authrt_end_ymd, mthd_list, use_yn, reg_dt, rgtr_id, mdfcn_dt, mdfr_id) VALUES('00020', 'A000703', '20250101', '29991231', 'GET', 'Y', '2025-01-01 00:00:00.000', '[AUDIT_USER]', '2025-01-01 00:00:00.000', '[AUDIT_USER]');
INSERT INTO [DBSCHEMA].authrt_table (authrt_se_cd, menu_id, authrt_bgng_ymd, authrt_end_ymd, mthd_list, use_yn, reg_dt, rgtr_id, mdfcn_dt, mdfr_id) VALUES('00030', 'A000703', '20250101', '29991231', 'GET', 'Y', '2025-01-01 00:00:00.000', '[AUDIT_USER]', '2025-01-01 00:00:00.000', '[AUDIT_USER]');
INSERT INTO [DBSCHEMA].authrt_table (authrt_se_cd, menu_id, authrt_bgng_ymd, authrt_end_ymd, mthd_list, use_yn, reg_dt, rgtr_id, mdfcn_dt, mdfr_id) VALUES('00010', 'A000800', '20250101', '29991231', 'GET', 'Y', '2025-01-01 00:00:00.000', '[AUDIT_USER]', '2025-01-01 00:00:00.000', '[AUDIT_USER]');
INSERT INTO [DBSCHEMA].authrt_table (authrt_se_cd, menu_id, authrt_bgng_ymd, authrt_end_ymd, mthd_list, use_yn, reg_dt, rgtr_id, mdfcn_dt, mdfr_id) VALUES('00010', 'A000801', '20250101', '29991231', 'GET', 'Y', '2025-01-01 00:00:00.000', '[AUDIT_USER]', '2025-01-01 00:00:00.000', '[AUDIT_USER]');
INSERT INTO [DBSCHEMA].authrt_table (authrt_se_cd, menu_id, authrt_bgng_ymd, authrt_end_ymd, mthd_list, use_yn, reg_dt, rgtr_id, mdfcn_dt, mdfr_id) VALUES('00010', 'A000802', '20250101', '29991231', 'POST', 'Y', '2025-01-01 00:00:00.000', '[AUDIT_USER]', '2025-01-01 00:00:00.000', '[AUDIT_USER]');
INSERT INTO [DBSCHEMA].authrt_table (authrt_se_cd, menu_id, authrt_bgng_ymd, authrt_end_ymd, mthd_list, use_yn, reg_dt, rgtr_id, mdfcn_dt, mdfr_id) VALUES('00010', 'A000803', '20250101', '29991231', 'DELETE', 'Y', '2025-01-01 00:00:00.000', '[AUDIT_USER]', '2025-01-01 00:00:00.000', '[AUDIT_USER]');
INSERT INTO [DBSCHEMA].authrt_table (authrt_se_cd, menu_id, authrt_bgng_ymd, authrt_end_ymd, mthd_list, use_yn, reg_dt, rgtr_id, mdfcn_dt, mdfr_id) VALUES('00010', 'A000804', '20250101', '29991231', 'GET', 'Y', '2025-01-01 00:00:00.000', '[AUDIT_USER]', '2025-01-01 00:00:00.000', '[AUDIT_USER]');
INSERT INTO [DBSCHEMA].authrt_table (authrt_se_cd, menu_id, authrt_bgng_ymd, authrt_end_ymd, mthd_list, use_yn, reg_dt, rgtr_id, mdfcn_dt, mdfr_id) VALUES('00010', 'A001000', '20250101', '29991231', 'GET', 'Y', '2025-01-01 00:00:00.000', '[AUDIT_USER]', '2025-01-01 00:00:00.000', '[AUDIT_USER]');
INSERT INTO [DBSCHEMA].authrt_table (authrt_se_cd, menu_id, authrt_bgng_ymd, authrt_end_ymd, mthd_list, use_yn, reg_dt, rgtr_id, mdfcn_dt, mdfr_id) VALUES('00020', 'A001000', '20250101', '29991231', 'GET', 'Y', '2025-01-01 00:00:00.000', '[AUDIT_USER]', '2025-01-01 00:00:00.000', '[AUDIT_USER]');
INSERT INTO [DBSCHEMA].authrt_table (authrt_se_cd, menu_id, authrt_bgng_ymd, authrt_end_ymd, mthd_list, use_yn, reg_dt, rgtr_id, mdfcn_dt, mdfr_id) VALUES('00030', 'A001000', '20250101', '29991231', 'GET', 'Y', '2025-01-01 00:00:00.000', '[AUDIT_USER]', '2025-01-01 00:00:00.000', '[AUDIT_USER]');
INSERT INTO [DBSCHEMA].authrt_table (authrt_se_cd, menu_id, authrt_bgng_ymd, authrt_end_ymd, mthd_list, use_yn, reg_dt, rgtr_id, mdfcn_dt, mdfr_id) VALUES('00010', 'A001001', '20250101', '29991231', 'GET', 'Y', '2025-01-01 00:00:00.000', '[AUDIT_USER]', '2025-01-01 00:00:00.000', '[AUDIT_USER]');
INSERT INTO [DBSCHEMA].authrt_table (authrt_se_cd, menu_id, authrt_bgng_ymd, authrt_end_ymd, mthd_list, use_yn, reg_dt, rgtr_id, mdfcn_dt, mdfr_id) VALUES('00020', 'A001001', '20250101', '29991231', 'GET', 'Y', '2025-01-01 00:00:00.000', '[AUDIT_USER]', '2025-01-01 00:00:00.000', '[AUDIT_USER]');
INSERT INTO [DBSCHEMA].authrt_table (authrt_se_cd, menu_id, authrt_bgng_ymd, authrt_end_ymd, mthd_list, use_yn, reg_dt, rgtr_id, mdfcn_dt, mdfr_id) VALUES('00030', 'A001001', '20250101', '29991231', 'GET', 'Y', '2025-01-01 00:00:00.000', '[AUDIT_USER]', '2025-01-01 00:00:00.000', '[AUDIT_USER]');
INSERT INTO [DBSCHEMA].authrt_table (authrt_se_cd, menu_id, authrt_bgng_ymd, authrt_end_ymd, mthd_list, use_yn, reg_dt, rgtr_id, mdfcn_dt, mdfr_id) VALUES('00010', 'A001002', '20250101', '29991231', 'POST', 'Y', '2025-01-01 00:00:00.000', '[AUDIT_USER]', '2025-01-01 00:00:00.000', '[AUDIT_USER]');
INSERT INTO [DBSCHEMA].authrt_table (authrt_se_cd, menu_id, authrt_bgng_ymd, authrt_end_ymd, mthd_list, use_yn, reg_dt, rgtr_id, mdfcn_dt, mdfr_id) VALUES('00020', 'A001002', '20250101', '29991231', 'POST', 'Y', '2025-01-01 00:00:00.000', '[AUDIT_USER]', '2025-01-01 00:00:00.000', '[AUDIT_USER]');
INSERT INTO [DBSCHEMA].authrt_table (authrt_se_cd, menu_id, authrt_bgng_ymd, authrt_end_ymd, mthd_list, use_yn, reg_dt, rgtr_id, mdfcn_dt, mdfr_id) VALUES('00030', 'A001002', '20250101', '29991231', 'POST', 'Y', '2025-01-01 00:00:00.000', '[AUDIT_USER]', '2025-01-01 00:00:00.000', '[AUDIT_USER]');
INSERT INTO [DBSCHEMA].authrt_table (authrt_se_cd, menu_id, authrt_bgng_ymd, authrt_end_ymd, mthd_list, use_yn, reg_dt, rgtr_id, mdfcn_dt, mdfr_id) VALUES('00010', 'A001003', '20250101', '29991231', 'DELETE', 'Y', '2025-01-01 00:00:00.000', '[AUDIT_USER]', '2025-01-01 00:00:00.000', '[AUDIT_USER]');
INSERT INTO [DBSCHEMA].authrt_table (authrt_se_cd, menu_id, authrt_bgng_ymd, authrt_end_ymd, mthd_list, use_yn, reg_dt, rgtr_id, mdfcn_dt, mdfr_id) VALUES('00020', 'A001003', '20250101', '29991231', 'DELETE', 'Y', '2025-01-01 00:00:00.000', '[AUDIT_USER]', '2025-01-01 00:00:00.000', '[AUDIT_USER]');
INSERT INTO [DBSCHEMA].authrt_table (authrt_se_cd, menu_id, authrt_bgng_ymd, authrt_end_ymd, mthd_list, use_yn, reg_dt, rgtr_id, mdfcn_dt, mdfr_id) VALUES('00030', 'A001003', '20250101', '29991231', 'DELETE', 'Y', '2025-01-01 00:00:00.000', '[AUDIT_USER]', '2025-01-01 00:00:00.000', '[AUDIT_USER]');
INSERT INTO [DBSCHEMA].authrt_table (authrt_se_cd, menu_id, authrt_bgng_ymd, authrt_end_ymd, mthd_list, use_yn, reg_dt, rgtr_id, mdfcn_dt, mdfr_id) VALUES('00010', 'A001004', '20250101', '29991231', 'GET', 'Y', '2025-01-01 00:00:00.000', '[AUDIT_USER]', '2025-01-01 00:00:00.000', '[AUDIT_USER]');
INSERT INTO [DBSCHEMA].authrt_table (authrt_se_cd, menu_id, authrt_bgng_ymd, authrt_end_ymd, mthd_list, use_yn, reg_dt, rgtr_id, mdfcn_dt, mdfr_id) VALUES('00020', 'A001004', '20250101', '29991231', 'GET', 'Y', '2025-01-01 00:00:00.000', '[AUDIT_USER]', '2025-01-01 00:00:00.000', '[AUDIT_USER]');
INSERT INTO [DBSCHEMA].authrt_table (authrt_se_cd, menu_id, authrt_bgng_ymd, authrt_end_ymd, mthd_list, use_yn, reg_dt, rgtr_id, mdfcn_dt, mdfr_id) VALUES('00030', 'A001004', '20250101', '29991231', 'GET', 'Y', '2025-01-01 00:00:00.000', '[AUDIT_USER]', '2025-01-01 00:00:00.000', '[AUDIT_USER]');
INSERT INTO [DBSCHEMA].authrt_table (authrt_se_cd, menu_id, authrt_bgng_ymd, authrt_end_ymd, mthd_list, use_yn, reg_dt, rgtr_id, mdfcn_dt, mdfr_id) VALUES('00010', 'A001005', '20250101', '29991231', 'GET', 'Y', '2025-01-01 00:00:00.000', '[AUDIT_USER]', '2025-01-01 00:00:00.000', '[AUDIT_USER]');
INSERT INTO [DBSCHEMA].authrt_table (authrt_se_cd, menu_id, authrt_bgng_ymd, authrt_end_ymd, mthd_list, use_yn, reg_dt, rgtr_id, mdfcn_dt, mdfr_id) VALUES('00020', 'A001005', '20250101', '29991231', 'GET', 'Y', '2025-01-01 00:00:00.000', '[AUDIT_USER]', '2025-01-01 00:00:00.000', '[AUDIT_USER]');
INSERT INTO [DBSCHEMA].authrt_table (authrt_se_cd, menu_id, authrt_bgng_ymd, authrt_end_ymd, mthd_list, use_yn, reg_dt, rgtr_id, mdfcn_dt, mdfr_id) VALUES('00030', 'A001005', '20250101', '29991231', 'GET', 'Y', '2025-01-01 00:00:00.000', '[AUDIT_USER]', '2025-01-01 00:00:00.000', '[AUDIT_USER]');
INSERT INTO [DBSCHEMA].authrt_table (authrt_se_cd, menu_id, authrt_bgng_ymd, authrt_end_ymd, mthd_list, use_yn, reg_dt, rgtr_id, mdfcn_dt, mdfr_id) VALUES('00010', 'A001006', '20250101', '29991231', 'GET', 'Y', '2025-01-01 00:00:00.000', '[AUDIT_USER]', '2025-01-01 00:00:00.000', '[AUDIT_USER]');
INSERT INTO [DBSCHEMA].authrt_table (authrt_se_cd, menu_id, authrt_bgng_ymd, authrt_end_ymd, mthd_list, use_yn, reg_dt, rgtr_id, mdfcn_dt, mdfr_id) VALUES('00020', 'A001006', '20250101', '29991231', 'GET', 'Y', '2025-01-01 00:00:00.000', '[AUDIT_USER]', '2025-01-01 00:00:00.000', '[AUDIT_USER]');
INSERT INTO [DBSCHEMA].authrt_table (authrt_se_cd, menu_id, authrt_bgng_ymd, authrt_end_ymd, mthd_list, use_yn, reg_dt, rgtr_id, mdfcn_dt, mdfr_id) VALUES('00030', 'A001006', '20250101', '29991231', 'GET', 'Y', '2025-01-01 00:00:00.000', '[AUDIT_USER]', '2025-01-01 00:00:00.000', '[AUDIT_USER]');
INSERT INTO [DBSCHEMA].authrt_table (authrt_se_cd, menu_id, authrt_bgng_ymd, authrt_end_ymd, mthd_list, use_yn, reg_dt, rgtr_id, mdfcn_dt, mdfr_id) VALUES('00010', 'A0010A0', '20250101', '29991231', 'GET', 'Y', '2025-01-01 00:00:00.000', '[AUDIT_USER]', '2025-01-01 00:00:00.000', '[AUDIT_USER]');
INSERT INTO [DBSCHEMA].authrt_table (authrt_se_cd, menu_id, authrt_bgng_ymd, authrt_end_ymd, mthd_list, use_yn, reg_dt, rgtr_id, mdfcn_dt, mdfr_id) VALUES('00020', 'A0010A0', '20250101', '29991231', 'GET', 'Y', '2025-01-01 00:00:00.000', '[AUDIT_USER]', '2025-01-01 00:00:00.000', '[AUDIT_USER]');
INSERT INTO [DBSCHEMA].authrt_table (authrt_se_cd, menu_id, authrt_bgng_ymd, authrt_end_ymd, mthd_list, use_yn, reg_dt, rgtr_id, mdfcn_dt, mdfr_id) VALUES('00030', 'A0010A0', '20250101', '29991231', 'GET', 'Y', '2025-01-01 00:00:00.000', '[AUDIT_USER]', '2025-01-01 00:00:00.000', '[AUDIT_USER]');
INSERT INTO [DBSCHEMA].authrt_table (authrt_se_cd, menu_id, authrt_bgng_ymd, authrt_end_ymd, mthd_list, use_yn, reg_dt, rgtr_id, mdfcn_dt, mdfr_id) VALUES('00010', 'A0010A1', '20250101', '29991231', 'GET', 'Y', '2025-01-01 00:00:00.000', '[AUDIT_USER]', '2025-01-01 00:00:00.000', '[AUDIT_USER]');
INSERT INTO [DBSCHEMA].authrt_table (authrt_se_cd, menu_id, authrt_bgng_ymd, authrt_end_ymd, mthd_list, use_yn, reg_dt, rgtr_id, mdfcn_dt, mdfr_id) VALUES('00020', 'A0010A1', '20250101', '29991231', 'GET', 'Y', '2025-01-01 00:00:00.000', '[AUDIT_USER]', '2025-01-01 00:00:00.000', '[AUDIT_USER]');
INSERT INTO [DBSCHEMA].authrt_table (authrt_se_cd, menu_id, authrt_bgng_ymd, authrt_end_ymd, mthd_list, use_yn, reg_dt, rgtr_id, mdfcn_dt, mdfr_id) VALUES('00030', 'A0010A1', '20250101', '29991231', 'GET', 'Y', '2025-01-01 00:00:00.000', '[AUDIT_USER]', '2025-01-01 00:00:00.000', '[AUDIT_USER]');
INSERT INTO [DBSCHEMA].authrt_table (authrt_se_cd, menu_id, authrt_bgng_ymd, authrt_end_ymd, mthd_list, use_yn, reg_dt, rgtr_id, mdfcn_dt, mdfr_id) VALUES('00010', 'A0010A2', '20250101', '29991231', 'POST', 'Y', '2025-01-01 00:00:00.000', '[AUDIT_USER]', '2025-01-01 00:00:00.000', '[AUDIT_USER]');
INSERT INTO [DBSCHEMA].authrt_table (authrt_se_cd, menu_id, authrt_bgng_ymd, authrt_end_ymd, mthd_list, use_yn, reg_dt, rgtr_id, mdfcn_dt, mdfr_id) VALUES('00020', 'A0010A2', '20250101', '29991231', 'POST', 'Y', '2025-01-01 00:00:00.000', '[AUDIT_USER]', '2025-01-01 00:00:00.000', '[AUDIT_USER]');
INSERT INTO [DBSCHEMA].authrt_table (authrt_se_cd, menu_id, authrt_bgng_ymd, authrt_end_ymd, mthd_list, use_yn, reg_dt, rgtr_id, mdfcn_dt, mdfr_id) VALUES('00030', 'A0010A2', '20250101', '29991231', 'POST', 'Y', '2025-01-01 00:00:00.000', '[AUDIT_USER]', '2025-01-01 00:00:00.000', '[AUDIT_USER]');
INSERT INTO [DBSCHEMA].authrt_table (authrt_se_cd, menu_id, authrt_bgng_ymd, authrt_end_ymd, mthd_list, use_yn, reg_dt, rgtr_id, mdfcn_dt, mdfr_id) VALUES('00010', 'A0010A3', '20250101', '29991231', 'DELETE', 'Y', '2025-01-01 00:00:00.000', '[AUDIT_USER]', '2025-01-01 00:00:00.000', '[AUDIT_USER]');
INSERT INTO [DBSCHEMA].authrt_table (authrt_se_cd, menu_id, authrt_bgng_ymd, authrt_end_ymd, mthd_list, use_yn, reg_dt, rgtr_id, mdfcn_dt, mdfr_id) VALUES('00020', 'A0010A3', '20250101', '29991231', 'DELETE', 'Y', '2025-01-01 00:00:00.000', '[AUDIT_USER]', '2025-01-01 00:00:00.000', '[AUDIT_USER]');
INSERT INTO [DBSCHEMA].authrt_table (authrt_se_cd, menu_id, authrt_bgng_ymd, authrt_end_ymd, mthd_list, use_yn, reg_dt, rgtr_id, mdfcn_dt, mdfr_id) VALUES('00030', 'A0010A3', '20250101', '29991231', 'DELETE', 'Y', '2025-01-01 00:00:00.000', '[AUDIT_USER]', '2025-01-01 00:00:00.000', '[AUDIT_USER]');
INSERT INTO [DBSCHEMA].authrt_table (authrt_se_cd, menu_id, authrt_bgng_ymd, authrt_end_ymd, mthd_list, use_yn, reg_dt, rgtr_id, mdfcn_dt, mdfr_id) VALUES('00010', 'A0010B0', '20250101', '29991231', 'GET', 'Y', '2025-01-01 00:00:00.000', '[AUDIT_USER]', '2025-01-01 00:00:00.000', '[AUDIT_USER]');
INSERT INTO [DBSCHEMA].authrt_table (authrt_se_cd, menu_id, authrt_bgng_ymd, authrt_end_ymd, mthd_list, use_yn, reg_dt, rgtr_id, mdfcn_dt, mdfr_id) VALUES('00010', 'A0010B1', '20250101', '29991231', 'GET', 'Y', '2025-01-01 00:00:00.000', '[AUDIT_USER]', '2025-01-01 00:00:00.000', '[AUDIT_USER]');
INSERT INTO [DBSCHEMA].authrt_table (authrt_se_cd, menu_id, authrt_bgng_ymd, authrt_end_ymd, mthd_list, use_yn, reg_dt, rgtr_id, mdfcn_dt, mdfr_id) VALUES('00010', 'A0010B2', '20250101', '29991231', 'POST', 'Y', '2025-01-01 00:00:00.000', '[AUDIT_USER]', '2025-01-01 00:00:00.000', '[AUDIT_USER]');
INSERT INTO [DBSCHEMA].authrt_table (authrt_se_cd, menu_id, authrt_bgng_ymd, authrt_end_ymd, mthd_list, use_yn, reg_dt, rgtr_id, mdfcn_dt, mdfr_id) VALUES('00010', 'A0010B3', '20250101', '29991231', 'DELETE', 'Y', '2025-01-01 00:00:00.000', '[AUDIT_USER]', '2025-01-01 00:00:00.000', '[AUDIT_USER]');
INSERT INTO [DBSCHEMA].authrt_table (authrt_se_cd, menu_id, authrt_bgng_ymd, authrt_end_ymd, mthd_list, use_yn, reg_dt, rgtr_id, mdfcn_dt, mdfr_id) VALUES('00010', 'A001100', '20250101', '29991231', 'GET', 'Y', '2025-01-01 00:00:00.000', '[AUDIT_USER]', '2025-01-01 00:00:00.000', '[AUDIT_USER]');
INSERT INTO [DBSCHEMA].authrt_table (authrt_se_cd, menu_id, authrt_bgng_ymd, authrt_end_ymd, mthd_list, use_yn, reg_dt, rgtr_id, mdfcn_dt, mdfr_id) VALUES('00020', 'A001100', '20250101', '29991231', 'GET', 'Y', '2025-01-01 00:00:00.000', '[AUDIT_USER]', '2025-01-01 00:00:00.000', '[AUDIT_USER]');
INSERT INTO [DBSCHEMA].authrt_table (authrt_se_cd, menu_id, authrt_bgng_ymd, authrt_end_ymd, mthd_list, use_yn, reg_dt, rgtr_id, mdfcn_dt, mdfr_id) VALUES('00030', 'A001100', '20250101', '29991231', 'GET', 'Y', '2025-01-01 00:00:00.000', '[AUDIT_USER]', '2025-01-01 00:00:00.000', '[AUDIT_USER]');
INSERT INTO [DBSCHEMA].authrt_table (authrt_se_cd, menu_id, authrt_bgng_ymd, authrt_end_ymd, mthd_list, use_yn, reg_dt, rgtr_id, mdfcn_dt, mdfr_id) VALUES('00010', 'A001101', '20250101', '29991231', 'GET', 'Y', '2025-01-01 00:00:00.000', '[AUDIT_USER]', '2025-01-01 00:00:00.000', '[AUDIT_USER]');
INSERT INTO [DBSCHEMA].authrt_table (authrt_se_cd, menu_id, authrt_bgng_ymd, authrt_end_ymd, mthd_list, use_yn, reg_dt, rgtr_id, mdfcn_dt, mdfr_id) VALUES('00020', 'A001101', '20250101', '29991231', 'GET', 'Y', '2025-01-01 00:00:00.000', '[AUDIT_USER]', '2025-01-01 00:00:00.000', '[AUDIT_USER]');
INSERT INTO [DBSCHEMA].authrt_table (authrt_se_cd, menu_id, authrt_bgng_ymd, authrt_end_ymd, mthd_list, use_yn, reg_dt, rgtr_id, mdfcn_dt, mdfr_id) VALUES('00030', 'A001101', '20250101', '29991231', 'GET', 'Y', '2025-01-01 00:00:00.000', '[AUDIT_USER]', '2025-01-01 00:00:00.000', '[AUDIT_USER]');
INSERT INTO [DBSCHEMA].authrt_table (authrt_se_cd, menu_id, authrt_bgng_ymd, authrt_end_ymd, mthd_list, use_yn, reg_dt, rgtr_id, mdfcn_dt, mdfr_id) VALUES('00010', 'A001102', '20250101', '29991231', 'POST', 'Y', '2025-01-01 00:00:00.000', '[AUDIT_USER]', '2025-01-01 00:00:00.000', '[AUDIT_USER]');
INSERT INTO [DBSCHEMA].authrt_table (authrt_se_cd, menu_id, authrt_bgng_ymd, authrt_end_ymd, mthd_list, use_yn, reg_dt, rgtr_id, mdfcn_dt, mdfr_id) VALUES('00020', 'A001102', '20250101', '29991231', 'POST', 'Y', '2025-01-01 00:00:00.000', '[AUDIT_USER]', '2025-01-01 00:00:00.000', '[AUDIT_USER]');
INSERT INTO [DBSCHEMA].authrt_table (authrt_se_cd, menu_id, authrt_bgng_ymd, authrt_end_ymd, mthd_list, use_yn, reg_dt, rgtr_id, mdfcn_dt, mdfr_id) VALUES('00030', 'A001102', '20250101', '29991231', 'POST', 'Y', '2025-01-01 00:00:00.000', '[AUDIT_USER]', '2025-01-01 00:00:00.000', '[AUDIT_USER]');
INSERT INTO [DBSCHEMA].authrt_table (authrt_se_cd, menu_id, authrt_bgng_ymd, authrt_end_ymd, mthd_list, use_yn, reg_dt, rgtr_id, mdfcn_dt, mdfr_id) VALUES('00010', 'A001103', '20250101', '29991231', 'DELETE', 'Y', '2025-01-01 00:00:00.000', '[AUDIT_USER]', '2025-01-01 00:00:00.000', '[AUDIT_USER]');
INSERT INTO [DBSCHEMA].authrt_table (authrt_se_cd, menu_id, authrt_bgng_ymd, authrt_end_ymd, mthd_list, use_yn, reg_dt, rgtr_id, mdfcn_dt, mdfr_id) VALUES('00020', 'A001103', '20250101', '29991231', 'DELETE', 'Y', '2025-01-01 00:00:00.000', '[AUDIT_USER]', '2025-01-01 00:00:00.000', '[AUDIT_USER]');
INSERT INTO [DBSCHEMA].authrt_table (authrt_se_cd, menu_id, authrt_bgng_ymd, authrt_end_ymd, mthd_list, use_yn, reg_dt, rgtr_id, mdfcn_dt, mdfr_id) VALUES('00030', 'A001103', '20250101', '29991231', 'DELETE', 'Y', '2025-01-01 00:00:00.000', '[AUDIT_USER]', '2025-01-01 00:00:00.000', '[AUDIT_USER]');
INSERT INTO [DBSCHEMA].authrt_table (authrt_se_cd, menu_id, authrt_bgng_ymd, authrt_end_ymd, mthd_list, use_yn, reg_dt, rgtr_id, mdfcn_dt, mdfr_id) VALUES('00010', 'A001104', '20250101', '29991231', 'GET', 'Y', '2025-01-01 00:00:00.000', '[AUDIT_USER]', '2025-01-01 00:00:00.000', '[AUDIT_USER]');
INSERT INTO [DBSCHEMA].authrt_table (authrt_se_cd, menu_id, authrt_bgng_ymd, authrt_end_ymd, mthd_list, use_yn, reg_dt, rgtr_id, mdfcn_dt, mdfr_id) VALUES('00020', 'A001104', '20250101', '29991231', 'GET', 'Y', '2025-01-01 00:00:00.000', '[AUDIT_USER]', '2025-01-01 00:00:00.000', '[AUDIT_USER]');
INSERT INTO [DBSCHEMA].authrt_table (authrt_se_cd, menu_id, authrt_bgng_ymd, authrt_end_ymd, mthd_list, use_yn, reg_dt, rgtr_id, mdfcn_dt, mdfr_id) VALUES('00030', 'A001104', '20250101', '29991231', 'GET', 'Y', '2025-01-01 00:00:00.000', '[AUDIT_USER]', '2025-01-01 00:00:00.000', '[AUDIT_USER]');
INSERT INTO [DBSCHEMA].authrt_table (authrt_se_cd, menu_id, authrt_bgng_ymd, authrt_end_ymd, mthd_list, use_yn, reg_dt, rgtr_id, mdfcn_dt, mdfr_id) VALUES('00010', 'A001200', '20250101', '29991231', 'GET', 'Y', '2025-01-01 00:00:00.000', '[AUDIT_USER]', '2025-01-01 00:00:00.000', '[AUDIT_USER]');
INSERT INTO [DBSCHEMA].authrt_table (authrt_se_cd, menu_id, authrt_bgng_ymd, authrt_end_ymd, mthd_list, use_yn, reg_dt, rgtr_id, mdfcn_dt, mdfr_id) VALUES('00010', 'A001201', '20250101', '29991231', 'GET', 'Y', '2025-01-01 00:00:00.000', '[AUDIT_USER]', '2025-01-01 00:00:00.000', '[AUDIT_USER]');
INSERT INTO [DBSCHEMA].authrt_table (authrt_se_cd, menu_id, authrt_bgng_ymd, authrt_end_ymd, mthd_list, use_yn, reg_dt, rgtr_id, mdfcn_dt, mdfr_id) VALUES('00010', 'A001202', '20250101', '29991231', 'POST', 'Y', '2025-01-01 00:00:00.000', '[AUDIT_USER]', '2025-01-01 00:00:00.000', '[AUDIT_USER]');
INSERT INTO [DBSCHEMA].authrt_table (authrt_se_cd, menu_id, authrt_bgng_ymd, authrt_end_ymd, mthd_list, use_yn, reg_dt, rgtr_id, mdfcn_dt, mdfr_id) VALUES('00010', 'A001203', '20250101', '29991231', 'DELETE', 'Y', '2025-01-01 00:00:00.000', '[AUDIT_USER]', '2025-01-01 00:00:00.000', '[AUDIT_USER]');
INSERT INTO [DBSCHEMA].authrt_table (authrt_se_cd, menu_id, authrt_bgng_ymd, authrt_end_ymd, mthd_list, use_yn, reg_dt, rgtr_id, mdfcn_dt, mdfr_id) VALUES('00010', 'A001204', '20250101', '29991231', 'GET', 'Y', '2025-01-01 00:00:00.000', '[AUDIT_USER]', '2025-01-01 00:00:00.000', '[AUDIT_USER]');
INSERT INTO [DBSCHEMA].authrt_table (authrt_se_cd, menu_id, authrt_bgng_ymd, authrt_end_ymd, mthd_list, use_yn, reg_dt, rgtr_id, mdfcn_dt, mdfr_id) VALUES('00020', 'A001204', '20250101', '29991231', 'GET', 'Y', '2025-01-01 00:00:00.000', '[AUDIT_USER]', '2025-01-01 00:00:00.000', '[AUDIT_USER]');
INSERT INTO [DBSCHEMA].authrt_table (authrt_se_cd, menu_id, authrt_bgng_ymd, authrt_end_ymd, mthd_list, use_yn, reg_dt, rgtr_id, mdfcn_dt, mdfr_id) VALUES('00030', 'A001204', '20250101', '29991231', 'GET', 'Y', '2025-01-01 00:00:00.000', '[AUDIT_USER]', '2025-01-01 00:00:00.000', '[AUDIT_USER]');
INSERT INTO [DBSCHEMA].authrt_table (authrt_se_cd, menu_id, authrt_bgng_ymd, authrt_end_ymd, mthd_list, use_yn, reg_dt, rgtr_id, mdfcn_dt, mdfr_id) VALUES('00010', 'A001205', '20250101', '29991231', 'GET', 'Y', '2025-01-01 00:00:00.000', '[AUDIT_USER]', '2025-01-01 00:00:00.000', '[AUDIT_USER]');
INSERT INTO [DBSCHEMA].authrt_table (authrt_se_cd, menu_id, authrt_bgng_ymd, authrt_end_ymd, mthd_list, use_yn, reg_dt, rgtr_id, mdfcn_dt, mdfr_id) VALUES('00020', 'A001205', '20250101', '29991231', 'GET', 'Y', '2025-01-01 00:00:00.000', '[AUDIT_USER]', '2025-01-01 00:00:00.000', '[AUDIT_USER]');
INSERT INTO [DBSCHEMA].authrt_table (authrt_se_cd, menu_id, authrt_bgng_ymd, authrt_end_ymd, mthd_list, use_yn, reg_dt, rgtr_id, mdfcn_dt, mdfr_id) VALUES('00030', 'A001205', '20250101', '29991231', 'GET', 'Y', '2025-01-01 00:00:00.000', '[AUDIT_USER]', '2025-01-01 00:00:00.000', '[AUDIT_USER]');
INSERT INTO [DBSCHEMA].authrt_table (authrt_se_cd, menu_id, authrt_bgng_ymd, authrt_end_ymd, mthd_list, use_yn, reg_dt, rgtr_id, mdfcn_dt, mdfr_id) VALUES('00010', 'A001206', '20250101', '29991231', 'GET', 'Y', '2025-01-01 00:00:00.000', '[AUDIT_USER]', '2025-01-01 00:00:00.000', '[AUDIT_USER]');
INSERT INTO [DBSCHEMA].authrt_table (authrt_se_cd, menu_id, authrt_bgng_ymd, authrt_end_ymd, mthd_list, use_yn, reg_dt, rgtr_id, mdfcn_dt, mdfr_id) VALUES('00020', 'A001206', '20250101', '29991231', 'GET', 'Y', '2025-01-01 00:00:00.000', '[AUDIT_USER]', '2025-01-01 00:00:00.000', '[AUDIT_USER]');
INSERT INTO [DBSCHEMA].authrt_table (authrt_se_cd, menu_id, authrt_bgng_ymd, authrt_end_ymd, mthd_list, use_yn, reg_dt, rgtr_id, mdfcn_dt, mdfr_id) VALUES('00030', 'A001206', '20250101', '29991231', 'GET', 'Y', '2025-01-01 00:00:00.000', '[AUDIT_USER]', '2025-01-01 00:00:00.000', '[AUDIT_USER]');
INSERT INTO [DBSCHEMA].authrt_table (authrt_se_cd, menu_id, authrt_bgng_ymd, authrt_end_ymd, mthd_list, use_yn, reg_dt, rgtr_id, mdfcn_dt, mdfr_id) VALUES('00010', 'A001300', '20250101', '29991231', 'GET', 'Y', '2025-01-01 00:00:00.000', '[AUDIT_USER]', '2025-01-01 00:00:00.000', '[AUDIT_USER]');
INSERT INTO [DBSCHEMA].authrt_table (authrt_se_cd, menu_id, authrt_bgng_ymd, authrt_end_ymd, mthd_list, use_yn, reg_dt, rgtr_id, mdfcn_dt, mdfr_id) VALUES('00010', 'A001301', '20250101', '29991231', 'GET', 'Y', '2025-01-01 00:00:00.000', '[AUDIT_USER]', '2025-01-01 00:00:00.000', '[AUDIT_USER]');
INSERT INTO [DBSCHEMA].authrt_table (authrt_se_cd, menu_id, authrt_bgng_ymd, authrt_end_ymd, mthd_list, use_yn, reg_dt, rgtr_id, mdfcn_dt, mdfr_id) VALUES('00010', 'A001302', '20250101', '29991231', 'POST', 'Y', '2025-01-01 00:00:00.000', '[AUDIT_USER]', '2025-01-01 00:00:00.000', '[AUDIT_USER]');
INSERT INTO [DBSCHEMA].authrt_table (authrt_se_cd, menu_id, authrt_bgng_ymd, authrt_end_ymd, mthd_list, use_yn, reg_dt, rgtr_id, mdfcn_dt, mdfr_id) VALUES('00010', 'A001303', '20250101', '29991231', 'DELETE', 'Y', '2025-01-01 00:00:00.000', '[AUDIT_USER]', '2025-01-01 00:00:00.000', '[AUDIT_USER]');
INSERT INTO [DBSCHEMA].authrt_table (authrt_se_cd, menu_id, authrt_bgng_ymd, authrt_end_ymd, mthd_list, use_yn, reg_dt, rgtr_id, mdfcn_dt, mdfr_id) VALUES('00010', 'A001304', '20250101', '29991231', 'GET', 'Y', '2025-01-01 00:00:00.000', '[AUDIT_USER]', '2025-01-01 00:00:00.000', '[AUDIT_USER]');
INSERT INTO [DBSCHEMA].authrt_table (authrt_se_cd, menu_id, authrt_bgng_ymd, authrt_end_ymd, mthd_list, use_yn, reg_dt, rgtr_id, mdfcn_dt, mdfr_id) VALUES('00010', 'A001305', '20250101', '29991231', 'GET', 'Y', '2025-01-01 00:00:00.000', '[AUDIT_USER]', '2025-01-01 00:00:00.000', '[AUDIT_USER]');
INSERT INTO [DBSCHEMA].authrt_table (authrt_se_cd, menu_id, authrt_bgng_ymd, authrt_end_ymd, mthd_list, use_yn, reg_dt, rgtr_id, mdfcn_dt, mdfr_id) VALUES('00020', 'A001305', '20250101', '29991231', 'GET', 'Y', '2025-01-01 00:00:00.000', '[AUDIT_USER]', '2025-01-01 00:00:00.000', '[AUDIT_USER]');
INSERT INTO [DBSCHEMA].authrt_table (authrt_se_cd, menu_id, authrt_bgng_ymd, authrt_end_ymd, mthd_list, use_yn, reg_dt, rgtr_id, mdfcn_dt, mdfr_id) VALUES('00030', 'A001305', '20250101', '29991231', 'GET', 'Y', '2025-01-01 00:00:00.000', '[AUDIT_USER]', '2025-01-01 00:00:00.000', '[AUDIT_USER]');
INSERT INTO [DBSCHEMA].authrt_table (authrt_se_cd, menu_id, authrt_bgng_ymd, authrt_end_ymd, mthd_list, use_yn, reg_dt, rgtr_id, mdfcn_dt, mdfr_id) VALUES('00010', 'A001306', '20250101', '29991231', 'GET', 'Y', '2025-01-01 00:00:00.000', '[AUDIT_USER]', '2025-01-01 00:00:00.000', '[AUDIT_USER]');
INSERT INTO [DBSCHEMA].authrt_table (authrt_se_cd, menu_id, authrt_bgng_ymd, authrt_end_ymd, mthd_list, use_yn, reg_dt, rgtr_id, mdfcn_dt, mdfr_id) VALUES('00020', 'A001306', '20250101', '29991231', 'GET', 'Y', '2025-01-01 00:00:00.000', '[AUDIT_USER]', '2025-01-01 00:00:00.000', '[AUDIT_USER]');
INSERT INTO [DBSCHEMA].authrt_table (authrt_se_cd, menu_id, authrt_bgng_ymd, authrt_end_ymd, mthd_list, use_yn, reg_dt, rgtr_id, mdfcn_dt, mdfr_id) VALUES('00030', 'A001306', '20250101', '29991231', 'GET', 'Y', '2025-01-01 00:00:00.000', '[AUDIT_USER]', '2025-01-01 00:00:00.000', '[AUDIT_USER]');
*/
